player in MLB,G_MLB,PA_MLB,AB_MLB,R_MLB,H_MLB,2B_MLB,3B_MLB,HR_MLB,RBI_MLB,SB_MLB,CS_MLB,BB_MLB,SO_MLB,BA_MLB,OBP_MLB,SLG_MLB,OPS_MLB,TB_MLB,GDP_MLB,HBP_MLB,SH_MLB,SF_MLB,IBB_MLB,HitperABMLB,TwoBaseHitABMLB,ThreeBaseHitABMLB,HRperABMLB,StolenBasePercentageMLB,BaseOnBallPercentageMLB,StrikeoutPercentageMLB,player in NPB,G_NPB,PA_NPB,AB_NPB,R_NPB,H_NPB,2B_NPB,3B_NPB,HR_NPB,RBI_NPB,SB_NPB,CS_NPB,BB_NPB,SO_NPB,BA_NPB,OBP_NPB,SLG_NPB,OPS_NPB,TB_NPB,GDP_NPB,HBP_NPB,SH_NPB,SF_NPB,IBB_NPB,HitperABNPB,TwoBaseHitABNPB,ThreeBaseHitABNPB,HRperABNPB,StolenBasePercentageNPB,BaseOnBallPercentageNPB,StrikeoutPercentageNPB
Jeff Barry,104,245,217,25,53,18,0,5,28,0,4,22,48,0.244,0.314,0.396,0.711,86,4,2,0,4,1.0,0.24423963133640553,0.08294930875576037,0.0,0.02304147465437788,0.0,0.10138248847926268,0.22119815668202766,Jeff Barry,53,170,144,21,36,5,2,3,16,4,1,26,29,0.25,0.365,0.375,0.74,54,5,0,0,0,0.0,0.25,0.034722222222222224,0.013888888888888888,0.020833333333333332,0.0017196904557179708,0.18055555555555555,0.2013888888888889
Frank Bolick,116,298,258,28,52,15,0,5,26,1,0,34,45,0.20199999999999999,0.302,0.318,0.62,82,5,4,0,2,2.0,0.20155038759689922,0.05813953488372093,0.0,0.01937984496124031,0.0002630194634402946,0.13178294573643412,0.1744186046511628,Frank Bolick,424,1764,1443,238,384,90,4,92,288,5,2,297,341,0.266,0.392,0.525,0.9179999999999999,758,47,11,0,13,14.0,0.2661122661122661,0.062370062370062374,0.002772002772002772,0.06375606375606375,0.0021496130696474634,0.20582120582120583,0.2363132363132363
Brian Banks,273,569,495,65,122,19,3,13,64,8,3,62,129,0.24600000000000002,0.33,0.376,0.706,186,7,2,5,5,6.0,0.24646464646464647,0.03838383838383838,0.006060606060606061,0.026262626262626262,0.0021041557075223566,0.12525252525252525,0.2606060606060606,Brian Banks,32,83,74,6,11,2,0,0,4,0,0,8,23,0.149,0.24100000000000002,0.17600000000000002,0.41700000000000004,13,1,1,0,0,0.0,0.14864864864864866,0.02702702702702703,0.0,0.0,0.0,0.10810810810810811,0.3108108108108108
Melvin Nieves,458,1392,1228,163,284,53,6,63,187,4,12,136,483,0.231,0.314,0.43799999999999994,0.752,538,25,17,1,10,9.0,0.23127035830618892,0.04315960912052117,0.004885993485342019,0.05130293159609121,0.0010520778537611783,0.11074918566775244,0.3933224755700326,Melvin Nieves,175,577,477,69,113,24,1,32,81,1,1,93,198,0.237,0.369,0.493,0.862,235,10,7,0,0,2.0,0.23689727463312368,0.050314465408805034,0.0020964360587002098,0.06708595387840671,0.0004299226139294927,0.1949685534591195,0.41509433962264153
Sherman Obando,177,394,355,41,85,13,0,13,49,3,0,34,100,0.239,0.31,0.386,0.696,137,3,3,0,2,1.0,0.23943661971830985,0.036619718309859155,0.0,0.036619718309859155,0.0007890583903208837,0.09577464788732394,0.28169014084507044,Sherman Obando,437,1780,1558,233,458,71,3,102,314,6,6,190,289,0.294,0.376,0.54,0.9159999999999999,841,42,22,0,10,12.0,0.2939666238767651,0.045571245186136075,0.0019255455712451862,0.06546854942233633,0.0025795356835769563,0.12195121951219512,0.18549422336328628
Nigel Wilson,22,36,35,2,3,0,0,2,5,0,0,1,21,0.086,0.111,0.257,0.368,9,0,0,0,0,0.0,0.08571428571428572,0.0,0.0,0.05714285714285714,0.0,0.02857142857142857,0.6,Nigel Wilson,461,1903,1678,232,444,65,1,119,337,2,4,183,446,0.265,0.34600000000000003,0.517,0.8640000000000001,868,27,32,0,10,23.0,0.26460071513706795,0.03873659117997616,0.0005959475566150178,0.07091775923718713,0.0008598452278589854,0.10905840286054827,0.265792610250298
Orlando Merced,1391,4530,3998,564,1108,229,28,103,585,57,29,487,661,0.27699999999999997,0.355,0.426,0.7809999999999999,1702,89,12,3,30,53.0,0.2771385692846423,0.05727863931965983,0.007003501750875438,0.02576288144072036,0.01499210941609679,0.12181090545272637,0.1653326663331666,Orlando Merced,23,85,80,9,18,2,1,2,15,0,0,4,14,0.225,0.259,0.35,0.609,28,0,0,0,1,0.0,0.225,0.025,0.0125,0.025,0.0,0.05,0.175
Troy Neel,230,861,758,110,212,37,0,37,120,5,9,92,177,0.28,0.36200000000000004,0.475,0.8370000000000001,360,12,7,1,3,10.0,0.2796833773087071,0.048812664907651716,0.0,0.048812664907651716,0.0013150973172014729,0.12137203166226913,0.23350923482849603,Troy Neel,614,2522,2117,301,558,98,2,136,435,4,7,354,630,0.264,0.37799999999999995,0.504,0.882,1068,44,41,0,10,21.0,0.26358053849787433,0.046291922531884744,0.000944733112895607,0.06424185167690127,0.0017196904557179708,0.16721776098252245,0.2975909305621162
Jon Nunnally,364,1048,885,162,218,47,12,42,125,19,12,146,239,0.24600000000000002,0.354,0.469,0.823,415,11,5,6,6,10.0,0.24632768361581922,0.05310734463276836,0.013559322033898305,0.04745762711864407,0.004997369805365597,0.16497175141242937,0.27005649717514124,Jon Nunnally,42,134,115,18,19,7,0,5,15,2,0,19,44,0.165,0.284,0.35700000000000004,0.64,41,3,0,0,0,1.0,0.16521739130434782,0.06086956521739131,0.0,0.043478260869565216,0.0008598452278589854,0.16521739130434782,0.3826086956521739
Andy Abad,15,25,21,1,2,0,0,0,0,0,1,4,5,0.095,0.24,0.095,0.335,2,1,0,0,0,0.0,0.09523809523809523,0.0,0.0,0.0,0.0,0.19047619047619047,0.23809523809523808,Andy Abad,32,102,92,7,15,1,0,4,13,0,0,9,17,0.163,0.235,0.304,0.54,28,1,0,0,1,0.0,0.16304347826086957,0.010869565217391304,0.0,0.043478260869565216,0.0,0.09782608695652174,0.18478260869565216
Phil Clark,264,588,543,62,150,30,0,17,65,4,4,27,76,0.276,0.317,0.425,0.743,231,9,9,2,7,5.0,0.27624309392265195,0.055248618784530384,0.0,0.03130755064456722,0.0010520778537611783,0.049723756906077346,0.13996316758747698,Phil Clark,470,2003,1818,239,555,116,4,93,324,5,8,140,233,0.305,0.361,0.527,0.888,958,75,28,0,17,23.0,0.30528052805280526,0.0638063806380638,0.0022002200220022,0.05115511551155116,0.0021496130696474634,0.07700770077007701,0.12816281628162815
Tony Fernandez,2158,8793,7911,1057,2276,414,92,94,844,246,138,690,784,0.28800000000000003,0.34700000000000003,0.39899999999999997,0.746,3156,161,64,67,61,48.0,0.2877006699532297,0.05233219567690557,0.011629376817090128,0.011882189356592087,0.06470278800631246,0.08722032612817596,0.09910251548476805,Tony Fernandez,103,440,370,64,121,24,1,11,74,2,4,58,47,0.327,0.418,0.486,0.905,180,10,5,0,7,9.0,0.327027027027027,0.06486486486486487,0.002702702702702703,0.02972972972972973,0.0008598452278589854,0.15675675675675677,0.12702702702702703
Reggie Jefferson,680,2306,2123,285,637,131,11,72,300,2,5,146,451,0.3,0.349,0.474,0.823,1006,63,20,4,13,25.0,0.30004710315591143,0.06170513424399435,0.0051813471502590676,0.03391427225624117,0.0005260389268805891,0.06877060763071126,0.21243523316062177,Reggie Jefferson,89,311,281,27,73,12,0,10,48,0,0,24,75,0.26,0.32299999999999995,0.409,0.732,115,13,3,1,2,0.0,0.2597864768683274,0.042704626334519574,0.0,0.03558718861209965,0.0,0.08540925266903915,0.2669039145907473
Derrick May,797,2386,2200,244,596,103,10,52,310,30,12,156,254,0.271,0.319,0.39799999999999996,0.7170000000000001,875,57,8,3,19,26.0,0.27090909090909093,0.04681818181818182,0.004545454545454545,0.023636363636363636,0.007890583903208837,0.07090909090909091,0.11545454545454545,Derrick May,298,1222,1098,129,301,65,1,59,200,2,4,103,183,0.27399999999999997,0.34299999999999997,0.496,0.8390000000000001,545,22,15,0,6,6.0,0.27413479052823314,0.05919854280510018,0.0009107468123861566,0.05373406193078324,0.0008598452278589854,0.09380692167577413,0.16666666666666666
Pedro Valdes,53,93,85,7,21,7,1,1,8,0,1,8,15,0.247,0.312,0.38799999999999996,0.7,33,1,0,0,0,0.0,0.24705882352941178,0.08235294117647059,0.011764705882352941,0.011764705882352941,0.0,0.09411764705882353,0.17647058823529413,Pedro Valdes,116,512,435,50,123,15,0,13,72,4,1,70,49,0.28300000000000003,0.381,0.40700000000000003,0.7879999999999999,177,14,2,0,5,4.0,0.2827586206896552,0.034482758620689655,0.0,0.029885057471264367,0.0017196904557179708,0.16091954022988506,0.11264367816091954
Joe Vitiello,282,791,693,76,172,35,1,26,104,2,0,80,165,0.248,0.335,0.414,0.7490000000000001,287,22,13,0,5,3.0,0.2481962481962482,0.050505050505050504,0.001443001443001443,0.03751803751803752,0.0005260389268805891,0.11544011544011544,0.23809523809523808,Joe Vitiello,126,462,407,52,112,21,0,22,83,0,0,36,125,0.275,0.35100000000000003,0.489,0.84,199,8,14,0,5,2.0,0.2751842751842752,0.051597051597051594,0.0,0.05405405405405406,0.0,0.08845208845208845,0.3071253071253071
Shawn Gilbert,51,51,47,9,7,1,0,2,4,2,0,3,17,0.149,0.2,0.298,0.498,14,0,0,1,0,0.0,0.14893617021276595,0.02127659574468085,0.0,0.0425531914893617,0.0005260389268805891,0.06382978723404255,0.3617021276595745,Shawn Gilbert,76,292,255,32,68,18,1,6,24,3,1,28,64,0.267,0.34700000000000003,0.41600000000000004,0.763,106,7,5,1,3,0.0,0.26666666666666666,0.07058823529411765,0.00392156862745098,0.023529411764705882,0.0012897678417884782,0.10980392156862745,0.25098039215686274
Alex Cabrera,31,87,80,10,21,2,1,5,14,0,0,4,21,0.263,0.299,0.5,0.799,40,3,1,0,2,0.0,0.2625,0.025,0.0125,0.0625,0.0,0.05,0.2625,Alex Cabrera,1239,5257,4510,753,1368,221,6,357,949,14,16,667,1143,0.303,0.39799999999999996,0.5920000000000001,0.99,2672,106,57,0,23,95.0,0.3033259423503326,0.04900221729490022,0.0013303769401330377,0.07915742793791575,0.0060189165950128975,0.14789356984478935,0.25343680709534366
Scott McClain,44,88,78,11,15,2,0,2,8,0,1,9,18,0.192,0.284,0.295,0.579,23,1,1,0,0,0.0,0.19230769230769232,0.02564102564102564,0.0,0.02564102564102564,0.0,0.11538461538461539,0.23076923076923078,Scott McClain,434,1654,1439,191,340,70,0,89,223,6,9,201,391,0.23600000000000002,0.331,0.47,0.802,677,30,7,0,7,14.0,0.23627519110493397,0.048644892286309936,0.0,0.06184850590687978,0.0025795356835769563,0.13968033356497567,0.2717164697706741
Morgan Burkhart,42,145,121,20,30,4,0,5,23,0,0,19,38,0.248,0.366,0.405,0.77,49,2,4,0,1,1.0,0.24793388429752067,0.03305785123966942,0.0,0.04132231404958678,0.0,0.15702479338842976,0.3140495867768595,Morgan Burkhart,42,140,126,14,27,1,0,9,18,0,0,9,40,0.214,0.293,0.43700000000000006,0.7290000000000001,55,3,5,0,0,1.0,0.21428571428571427,0.007936507936507936,0.0,0.07142857142857142,0.0,0.07142857142857142,0.31746031746031744
D.T. Cromer,85,114,104,14,32,7,0,7,20,0,0,4,33,0.308,0.327,0.5770000000000001,0.904,60,0,1,1,4,1.0,0.3076923076923077,0.0673076923076923,0.0,0.0673076923076923,0.0,0.038461538461538464,0.3173076923076923,D.T. Cromer,181,723,662,69,154,32,4,27,79,6,8,51,201,0.233,0.293,0.415,0.7090000000000001,275,7,7,0,3,2.0,0.2326283987915408,0.04833836858006042,0.006042296072507553,0.04078549848942598,0.0025795356835769563,0.0770392749244713,0.30362537764350456
Fernando Seguignol,178,402,366,42,91,23,0,17,40,0,1,20,114,0.249,0.303,0.451,0.754,165,11,11,0,5,2.0,0.24863387978142076,0.06284153005464481,0.0,0.04644808743169399,0.0,0.0546448087431694,0.3114754098360656,Fernando Seguignol,767,3042,2656,369,724,138,0,172,483,3,2,313,738,0.273,0.36,0.519,0.879,1378,72,59,0,14,34.0,0.27259036144578314,0.051957831325301206,0.0,0.06475903614457831,0.0012897678417884782,0.11784638554216867,0.27786144578313254
Scott Sheldon,141,310,285,34,67,16,0,8,33,1,1,15,84,0.235,0.275,0.375,0.65,107,5,2,4,4,0.0,0.23508771929824562,0.056140350877192984,0.0,0.028070175438596492,0.0002630194634402946,0.05263157894736842,0.29473684210526313,Scott Sheldon,189,751,683,92,174,37,1,34,83,8,5,55,220,0.255,0.317,0.461,0.778,315,15,8,3,2,5.0,0.2547584187408492,0.05417276720351391,0.0014641288433382138,0.04978038067349927,0.0034393809114359416,0.08052708638360176,0.32210834553440704
Rick Short,11,17,15,4,6,2,0,2,4,0,0,1,1,0.4,0.47100000000000003,0.9329999999999999,1.4040000000000001,14,0,1,0,0,0.0,0.4,0.13333333333333333,0.0,0.13333333333333333,0.0,0.06666666666666667,0.06666666666666667,Rick Short,546,2134,1966,200,617,128,2,35,229,18,12,128,230,0.314,0.361,0.434,0.795,854,71,23,6,11,7.0,0.3138351983723296,0.06510681586978637,0.001017293997965412,0.01780264496439471,0.007738607050730868,0.06510681586978637,0.11698880976602238
Bry Nelson,25,39,34,6,9,3,0,0,2,1,1,4,1,0.265,0.342,0.353,0.695,12,1,0,1,0,0.0,0.2647058823529412,0.08823529411764706,0.0,0.0,0.0002630194634402946,0.11764705882352941,0.029411764705882353,Bry Nelson,54,176,167,18,38,7,0,3,17,2,2,7,29,0.228,0.256,0.32299999999999995,0.579,54,8,0,0,2,0.0,0.2275449101796407,0.041916167664670656,0.0,0.017964071856287425,0.0008598452278589854,0.041916167664670656,0.17365269461077845
Julio Zuleta,79,191,174,24,43,11,0,9,36,0,2,10,51,0.247,0.309,0.466,0.774,81,5,6,0,1,1.0,0.2471264367816092,0.06321839080459771,0.0,0.05172413793103448,0.0,0.05747126436781609,0.29310344827586204,Julio Zuleta,604,2439,2114,289,590,99,3,145,417,5,7,232,574,0.27899999999999997,0.365,0.535,0.9,1130,81,69,0,24,22.0,0.27909176915799433,0.04683065279091769,0.0014191106906338694,0.06859035004730368,0.0021496130696474634,0.1097445600756859,0.271523178807947
Angel Echevarria,328,606,543,70,152,32,0,21,90,1,4,46,104,0.28,0.34299999999999997,0.455,0.7979999999999999,247,22,10,0,7,0.0,0.27992633517495397,0.058931860036832415,0.0,0.03867403314917127,0.0002630194634402946,0.0847145488029466,0.19152854511970535,Angel Echevarria,204,834,735,108,197,40,0,47,138,2,4,67,184,0.268,0.35,0.514,0.8640000000000001,378,27,28,0,4,5.0,0.2680272108843537,0.05442176870748299,0.0,0.06394557823129252,0.0008598452278589854,0.09115646258503401,0.2503401360544218
Roosevelt Brown,228,491,442,44,111,32,2,11,69,3,3,36,98,0.251,0.311,0.40700000000000003,0.7190000000000001,180,9,5,3,5,0.0,0.251131221719457,0.07239819004524888,0.004524886877828055,0.024886877828054297,0.0007890583903208837,0.08144796380090498,0.22171945701357465,Roosevelt Brown,221,952,817,117,238,51,0,43,163,21,14,113,150,0.29100000000000004,0.384,0.512,0.8959999999999999,418,26,15,0,7,7.0,0.2913096695226438,0.06242350061199511,0.0,0.05263157894736842,0.009028374892519347,0.1383108935128519,0.1835985312117503
Jose Ortiz,136,498,449,68,109,15,2,14,51,6,1,35,74,0.243,0.305,0.379,0.684,170,12,7,3,4,0.0,0.24276169265033407,0.0334075723830735,0.004454342984409799,0.031180400890868598,0.0015781167806417674,0.0779510022271715,0.16481069042316257,Jose Ortiz,821,3133,2845,379,772,161,5,135,433,14,15,231,561,0.271,0.32899999999999996,0.474,0.8029999999999999,1348,70,27,4,26,13.0,0.27135325131810195,0.05659050966608084,0.0017574692442882249,0.04745166959578207,0.0060189165950128975,0.08119507908611599,0.19718804920913885
Benny Agbayani,383,1254,1091,145,299,57,6,39,156,16,16,139,246,0.27399999999999997,0.36200000000000004,0.445,0.8059999999999999,485,31,15,1,8,7.0,0.27406049495875345,0.05224564619615032,0.005499541704857928,0.035747021081576534,0.004208311415044713,0.12740604949587533,0.22548120989917506,Benny Agbayani,660,2511,2166,300,613,118,6,90,360,23,13,308,396,0.28300000000000003,0.374,0.46799999999999997,0.8420000000000001,1013,70,19,0,18,14.0,0.2830101569713758,0.05447830101569714,0.002770083102493075,0.04155124653739612,0.009888220120378332,0.14219759926131118,0.18282548476454294
Matt Franco,661,1113,977,110,261,43,6,22,117,2,2,124,158,0.267,0.349,0.391,0.74,382,34,2,3,7,18.0,0.2671443193449335,0.044012282497441144,0.006141248720573183,0.022517911975435005,0.0005260389268805891,0.1269191402251791,0.1617195496417605,Matt Franco,350,1321,1177,176,333,71,2,44,163,4,5,131,205,0.28300000000000003,0.35600000000000004,0.45899999999999996,0.815,540,27,5,3,5,3.0,0.2829226847918437,0.06032285471537808,0.0016992353440951572,0.037383177570093455,0.0017196904557179708,0.11129991503823279,0.17417162276975362
Larry Barnes,46,80,78,4,12,2,0,1,4,0,0,2,18,0.154,0.175,0.218,0.39299999999999996,17,1,0,0,0,0.0,0.15384615384615385,0.02564102564102564,0.0,0.01282051282051282,0.0,0.02564102564102564,0.23076923076923078,Larry Barnes,34,117,107,18,27,3,1,4,19,1,0,9,32,0.252,0.316,0.41100000000000003,0.727,44,2,1,0,0,2.0,0.2523364485981308,0.028037383177570093,0.009345794392523364,0.037383177570093455,0.0004299226139294927,0.08411214953271028,0.29906542056074764
Mario Valdez,91,216,181,18,43,8,0,2,21,1,0,29,60,0.23800000000000002,0.35200000000000004,0.315,0.667,57,3,4,0,2,1.0,0.23756906077348067,0.04419889502762431,0.0,0.011049723756906077,0.0002630194634402946,0.16022099447513813,0.3314917127071823,Mario Valdez,36,148,127,21,27,9,0,9,29,0,0,18,41,0.213,0.324,0.496,0.82,63,1,3,0,0,1.0,0.2125984251968504,0.07086614173228346,0.0,0.07086614173228346,0.0,0.14173228346456693,0.3228346456692913
Jose Fernandez,21,52,49,1,7,3,0,0,1,0,1,3,17,0.14300000000000002,0.192,0.204,0.396,10,1,0,0,0,0.0,0.14285714285714285,0.061224489795918366,0.0,0.0,0.0,0.061224489795918366,0.3469387755102041,Jose Fernandez,1253,5091,4566,589,1286,241,5,206,772,39,23,443,822,0.282,0.348,0.47200000000000003,0.82,2155,140,41,0,41,24.0,0.28164695575996496,0.0527814279456855,0.0010950503723171265,0.045116075339465614,0.016766981943250214,0.09702146298729741,0.1800262812089356
Tony Batista,1309,4959,4568,625,1146,226,17,221,718,47,26,287,790,0.251,0.299,0.45299999999999996,0.752,2069,109,47,10,47,27.0,0.2508756567425569,0.04947460595446585,0.0037215411558669,0.048380035026269703,0.012361914781693845,0.06282837127845885,0.17294220665499124,Tony Batista,135,591,559,78,147,29,1,27,90,3,2,23,115,0.263,0.294,0.46299999999999997,0.758,259,14,4,0,5,0.0,0.2629695885509839,0.0518783542039356,0.0017889087656529517,0.04830053667262969,0.0012897678417884782,0.04114490161001789,0.20572450805008943
Jolbert Cabrera,609,1531,1406,189,362,79,9,18,157,38,16,73,241,0.257,0.306,0.365,0.67,513,35,30,9,13,5.0,0.2574679943100996,0.0561877667140825,0.006401137980085348,0.012802275960170697,0.009994739610731194,0.051920341394025606,0.17140825035561877,Jolbert Cabrera,221,880,796,94,224,44,2,16,108,9,8,65,130,0.281,0.33899999999999997,0.402,0.741,320,28,9,2,8,6.0,0.2814070351758794,0.05527638190954774,0.002512562814070352,0.020100502512562814,0.003869303525365434,0.08165829145728644,0.16331658291457288
Eric Almonte,55,144,133,18,31,7,0,2,14,3,0,8,29,0.233,0.282,0.331,0.613,44,5,1,2,0,0.0,0.23308270676691728,0.05263157894736842,0.0,0.015037593984962405,0.0007890583903208837,0.06015037593984962,0.21804511278195488,Eric Almonte,34,107,88,14,17,2,0,3,8,2,1,17,27,0.193,0.33,0.318,0.648,28,2,1,1,0,0.0,0.19318181818181818,0.022727272727272728,0.0,0.03409090909090909,0.0008598452278589854,0.19318181818181818,0.3068181818181818
Cliff Brumbaugh,21,49,46,6,10,2,0,1,4,0,1,3,14,0.217,0.265,0.326,0.591,15,3,0,0,0,0.0,0.21739130434782608,0.043478260869565216,0.0,0.021739130434782608,0.0,0.06521739130434782,0.30434782608695654,Cliff Brumbaugh,171,631,569,63,145,23,0,24,69,1,0,56,128,0.255,0.32,0.42200000000000004,0.742,240,19,1,0,5,1.0,0.2548330404217926,0.040421792618629174,0.0,0.0421792618629174,0.0004299226139294927,0.0984182776801406,0.22495606326889278
Karim Garcia,488,1560,1463,180,352,44,13,66,212,10,13,81,330,0.24100000000000002,0.27899999999999997,0.424,0.703,620,31,2,0,14,6.0,0.24060150375939848,0.03007518796992481,0.00888585099111415,0.045112781954887216,0.0026301946344029457,0.05536568694463431,0.22556390977443608,Karim Garcia,191,715,663,96,186,24,2,34,97,3,4,47,151,0.281,0.327,0.47700000000000004,0.804,316,15,1,0,4,6.0,0.28054298642533937,0.03619909502262444,0.0030165912518853697,0.05128205128205128,0.0012897678417884782,0.07088989441930618,0.2277526395173454
Randall Simon,537,1717,1609,172,455,71,3,49,237,2,4,82,148,0.28300000000000003,0.32,0.42200000000000004,0.742,679,48,12,1,13,20.0,0.28278433809819764,0.044126786824114354,0.0018645121193287756,0.030453697949036667,0.0005260389268805891,0.0509633312616532,0.09198259788688626,Randall Simon,16,52,47,3,10,0,0,0,2,0,0,5,8,0.213,0.28800000000000003,0.213,0.501,10,1,0,0,0,0.0,0.2127659574468085,0.0,0.0,0.0,0.0,0.10638297872340426,0.1702127659574468
Damon Minor,136,334,285,35,66,9,0,13,39,0,0,41,61,0.23199999999999998,0.33799999999999997,0.4,0.738,114,11,6,0,2,7.0,0.23157894736842105,0.031578947368421054,0.0,0.0456140350877193,0.0,0.14385964912280702,0.21403508771929824,Damon Minor,6,21,20,2,4,1,0,0,2,0,0,1,7,0.2,0.23800000000000002,0.25,0.488,5,0,0,0,0,0.0,0.2,0.05,0.0,0.0,0.0,0.05,0.35
Andy Tracy,149,314,277,35,64,10,2,13,43,1,0,30,99,0.231,0.306,0.42200000000000004,0.728,117,4,2,0,5,1.0,0.23104693140794225,0.036101083032490974,0.007220216606498195,0.04693140794223827,0.0002630194634402946,0.10830324909747292,0.3574007220216607,Andy Tracy,63,201,172,22,36,6,1,6,15,0,1,28,62,0.209,0.32299999999999995,0.36,0.684,62,3,1,0,0,0.0,0.20930232558139536,0.03488372093023256,0.005813953488372093,0.03488372093023256,0.0,0.16279069767441862,0.36046511627906974
Val Pascucci,42,85,73,7,14,1,0,3,8,1,0,10,25,0.192,0.294,0.32899999999999996,0.623,24,3,1,0,1,1.0,0.1917808219178082,0.0136986301369863,0.0,0.0410958904109589,0.0002630194634402946,0.136986301369863,0.3424657534246575,Val Pascucci,102,358,305,47,74,12,1,21,52,1,2,49,115,0.243,0.35200000000000004,0.495,0.847,151,3,3,0,1,1.0,0.24262295081967214,0.03934426229508197,0.003278688524590164,0.06885245901639345,0.0004299226139294927,0.16065573770491803,0.3770491803278688
Jose Macias,659,1789,1646,201,422,77,17,26,173,43,21,93,243,0.256,0.298,0.371,0.669,611,29,10,28,12,1.0,0.25637910085054677,0.04678007290400972,0.010328068043742407,0.015795868772782502,0.011309836927932667,0.056500607533414335,0.14763061968408261,Jose Macias,73,249,227,24,52,15,1,3,21,3,2,11,35,0.22899999999999998,0.264,0.344,0.608,78,7,1,7,3,0.0,0.2290748898678414,0.06607929515418502,0.004405286343612335,0.013215859030837005,0.0012897678417884782,0.048458149779735685,0.15418502202643172
Jason Grabowski,190,335,301,35,59,8,1,11,33,1,0,33,85,0.196,0.275,0.33899999999999997,0.613,102,8,0,0,1,1.0,0.19601328903654486,0.026578073089700997,0.0033222591362126247,0.036544850498338874,0.0002630194634402946,0.10963455149501661,0.2823920265780731,Jason Grabowski,39,108,89,10,13,4,0,4,7,0,0,18,30,0.146,0.29600000000000004,0.326,0.622,29,3,1,0,0,0.0,0.14606741573033707,0.0449438202247191,0.0,0.0449438202247191,0.0,0.20224719101123595,0.33707865168539325
Jeff Liefer,288,844,779,89,179,36,1,31,113,2,2,56,223,0.23,0.281,0.39799999999999996,0.679,310,17,2,1,6,4.0,0.22978177150192555,0.04621309370988447,0.0012836970474967907,0.03979460847240052,0.0005260389268805891,0.07188703465982028,0.2862644415917843,Jeff Liefer,96,308,281,43,72,18,1,21,60,1,1,24,77,0.256,0.321,0.552,0.873,155,4,3,0,0,2.0,0.25622775800711745,0.06405693950177936,0.0035587188612099642,0.07473309608540925,0.0004299226139294927,0.08540925266903915,0.27402135231316727
Eric Valent,205,450,406,50,95,20,2,13,37,0,1,41,101,0.23399999999999999,0.307,0.389,0.696,158,11,2,0,1,7.0,0.23399014778325122,0.04926108374384237,0.0049261083743842365,0.03201970443349754,0.0,0.10098522167487685,0.24876847290640394,Eric Valent,24,82,74,8,14,2,0,1,5,1,0,5,22,0.18899999999999997,0.259,0.257,0.516,19,2,2,1,0,0.0,0.1891891891891892,0.02702702702702703,0.0,0.013513513513513514,0.0004299226139294927,0.06756756756756757,0.2972972972972973
Matt Watson,46,108,101,6,19,7,0,1,11,0,0,6,14,0.188,0.23399999999999999,0.287,0.521,29,2,0,1,0,0.0,0.18811881188118812,0.06930693069306931,0.0,0.009900990099009901,0.0,0.0594059405940594,0.13861386138613863,Matt Watson,115,363,324,26,79,19,0,9,33,2,1,37,62,0.244,0.322,0.386,0.708,125,13,1,0,1,1.0,0.24382716049382716,0.05864197530864197,0.0,0.027777777777777776,0.0008598452278589854,0.11419753086419752,0.19135802469135801
Brian Buchanan,346,857,767,105,198,37,3,32,103,9,7,73,210,0.258,0.32799999999999996,0.439,0.767,337,21,10,0,7,3.0,0.258148631029987,0.048239895697522815,0.003911342894393742,0.041720990873533245,0.002367175170962651,0.09517601043024772,0.2737940026075619,Brian Buchanan,99,307,288,25,82,19,0,11,48,1,1,13,82,0.285,0.326,0.465,0.7909999999999999,134,8,5,0,1,0.0,0.2847222222222222,0.06597222222222222,0.0,0.03819444444444445,0.0004299226139294927,0.04513888888888889,0.2847222222222222
Adam Hyzdu,221,407,358,54,82,18,0,19,61,1,1,41,98,0.22899999999999998,0.31,0.439,0.7490000000000001,157,5,3,1,4,0.0,0.22905027932960895,0.05027932960893855,0.0,0.05307262569832402,0.0002630194634402946,0.11452513966480447,0.2737430167597765,Adam Hyzdu,47,149,136,13,37,8,0,7,14,0,0,11,33,0.272,0.324,0.485,0.81,66,2,0,1,1,0.0,0.27205882352941174,0.058823529411764705,0.0,0.051470588235294115,0.0,0.08088235294117647,0.2426470588235294
Mitch Jones,8,15,13,1,4,1,0,0,0,0,0,0,6,0.308,0.4,0.385,0.785,5,0,2,0,0,0.0,0.3076923076923077,0.07692307692307693,0.0,0.0,0.0,0.0,0.46153846153846156,Mitch Jones,38,129,121,5,18,7,1,1,7,1,0,4,42,0.149,0.188,0.248,0.435,30,2,2,1,1,0.0,0.1487603305785124,0.05785123966942149,0.008264462809917356,0.008264462809917356,0.0004299226139294927,0.03305785123966942,0.34710743801652894
Chad Allen,267,928,851,102,229,44,8,14,84,15,13,63,173,0.26899999999999996,0.321,0.389,0.71,331,23,4,5,5,2.0,0.2690951821386604,0.05170387779083431,0.009400705052878966,0.01645123384253819,0.003945291951604419,0.07403055229142186,0.20329024676850763,Chad Allen,78,300,290,28,83,14,1,4,34,2,1,8,54,0.28600000000000003,0.303,0.38299999999999995,0.6859999999999999,111,10,0,0,2,0.0,0.28620689655172415,0.04827586206896552,0.0034482758620689655,0.013793103448275862,0.0008598452278589854,0.027586206896551724,0.18620689655172415
Michael Restovich,152,297,268,37,64,13,3,6,21,1,0,28,68,0.239,0.313,0.377,0.69,101,10,1,0,0,0.0,0.23880597014925373,0.048507462686567165,0.011194029850746268,0.022388059701492536,0.0002630194634402946,0.1044776119402985,0.2537313432835821,Michael Restovich,87,292,256,31,67,20,0,9,44,0,0,33,99,0.262,0.353,0.445,0.7979999999999999,114,5,3,0,0,2.0,0.26171875,0.078125,0.0,0.03515625,0.0,0.12890625,0.38671875
Jason Botts,93,326,282,33,65,15,1,5,28,1,0,38,108,0.23,0.325,0.344,0.669,97,9,3,0,3,1.0,0.23049645390070922,0.05319148936170213,0.0035460992907801418,0.01773049645390071,0.0002630194634402946,0.1347517730496454,0.3829787234042553,Jason Botts,66,183,163,18,41,12,0,6,22,0,1,15,60,0.252,0.32799999999999996,0.436,0.763,71,2,4,0,1,0.0,0.25153374233128833,0.0736196319018405,0.0,0.03680981595092025,0.0,0.09202453987730061,0.36809815950920244
Terrmel Sledge,291,803,705,81,174,32,7,25,100,6,6,82,151,0.247,0.327,0.418,0.745,295,13,4,7,5,7.0,0.24680851063829787,0.04539007092198582,0.009929078014184398,0.03546099290780142,0.0015781167806417674,0.11631205673758865,0.21418439716312057,Terrmel Sledge,501,1991,1759,208,463,97,4,96,315,1,2,200,469,0.263,0.34299999999999997,0.48700000000000004,0.8290000000000001,856,41,19,0,13,0.0,0.2632177373507675,0.05514496873223423,0.0022740193291642978,0.054576463899943146,0.0004299226139294927,0.1137009664582149,0.26662876634451393
Hiram Bocachica,272,584,535,69,115,28,1,15,37,16,10,41,139,0.215,0.272,0.355,0.628,190,6,2,4,2,0.0,0.21495327102803738,0.052336448598130844,0.001869158878504673,0.028037383177570093,0.004208311415044713,0.07663551401869159,0.25981308411214954,Hiram Bocachica,153,515,434,72,102,21,1,33,79,5,5,56,153,0.235,0.34299999999999997,0.516,0.8590000000000001,224,5,17,5,3,0.0,0.2350230414746544,0.04838709677419355,0.002304147465437788,0.07603686635944701,0.0021496130696474634,0.12903225806451613,0.35253456221198154
Craig Brazell,29,40,38,4,10,2,0,1,3,0,0,2,8,0.263,0.3,0.395,0.695,15,1,0,0,0,0.0,0.2631578947368421,0.05263157894736842,0.0,0.02631578947368421,0.0,0.05263157894736842,0.21052631578947367,Craig Brazell,670,2460,2278,252,613,91,0,133,412,1,2,126,564,0.26899999999999996,0.313,0.484,0.797,1103,77,31,0,25,5.0,0.26909569798068483,0.03994732221246708,0.0,0.058384547848990345,0.0004299226139294927,0.0553116769095698,0.247585601404741
Chris Aguila,149,248,230,26,53,13,2,3,16,2,2,16,61,0.23,0.28,0.34299999999999997,0.624,79,3,0,2,0,1.0,0.23043478260869565,0.05652173913043478,0.008695652173913044,0.013043478260869565,0.0005260389268805891,0.06956521739130435,0.26521739130434785,Chris Aguila,85,329,274,44,76,18,0,14,59,6,3,50,63,0.27699999999999997,0.386,0.496,0.882,136,9,1,0,4,0.0,0.2773722627737226,0.06569343065693431,0.0,0.051094890510948905,0.0025795356835769563,0.18248175182481752,0.22992700729927007
Luis Jimenez,68,168,157,19,34,8,0,0,7,0,2,3,47,0.217,0.253,0.268,0.521,42,3,5,2,1,0.0,0.21656050955414013,0.050955414012738856,0.0,0.0,0.0,0.01910828025477707,0.29936305732484075,Luis Jimenez,67,211,192,25,45,12,1,5,23,2,0,13,33,0.23399999999999999,0.299,0.385,0.684,74,4,5,0,1,0.0,0.234375,0.0625,0.005208333333333333,0.026041666666666668,0.0008598452278589854,0.06770833333333333,0.171875
Todd Linden,270,559,502,64,116,22,3,8,36,8,0,44,148,0.231,0.303,0.335,0.638,168,13,8,5,0,1.0,0.23107569721115537,0.043824701195219126,0.00597609561752988,0.01593625498007968,0.0021041557075223566,0.08764940239043825,0.2948207171314741,Todd Linden,126,506,446,65,113,27,0,17,55,3,5,53,169,0.253,0.33799999999999997,0.428,0.7659999999999999,191,8,5,0,2,1.0,0.2533632286995516,0.06053811659192825,0.0,0.03811659192825112,0.0012897678417884782,0.11883408071748879,0.3789237668161435
Roberto Petagine,242,438,366,48,83,17,1,12,54,1,2,63,103,0.22699999999999998,0.345,0.377,0.722,138,10,4,3,2,3.0,0.226775956284153,0.04644808743169399,0.00273224043715847,0.03278688524590164,0.0002630194634402946,0.1721311475409836,0.2814207650273224,Roberto Petagine,837,3496,2830,545,882,149,3,233,635,24,6,609,622,0.312,0.43799999999999994,0.613,1.051,1736,71,39,0,18,51.0,0.311660777385159,0.05265017667844523,0.0010600706713780918,0.08233215547703181,0.010318142734307825,0.21519434628975265,0.21978798586572437
Freddie Bynum,188,377,351,54,82,17,8,6,32,18,8,16,108,0.23399999999999999,0.275,0.379,0.654,133,6,4,6,0,0.0,0.2336182336182336,0.04843304843304843,0.022792022792022793,0.017094017094017096,0.004734350341925302,0.045584045584045586,0.3076923076923077,Freddie Bynum,90,321,288,47,77,10,6,5,28,16,4,22,52,0.267,0.32299999999999995,0.396,0.7190000000000001,114,4,3,5,3,0.0,0.2673611111111111,0.034722222222222224,0.020833333333333332,0.017361111111111112,0.006878761822871883,0.0763888888888889,0.18055555555555555
Dee Brown,271,874,814,86,190,37,1,14,89,8,6,50,207,0.233,0.28,0.33299999999999996,0.613,271,13,4,2,4,5.0,0.2334152334152334,0.045454545454545456,0.0012285012285012285,0.0171990171990172,0.0021041557075223566,0.06142506142506143,0.2542997542997543,Dee Brown,139,544,482,56,111,22,0,21,81,2,3,54,117,0.23,0.311,0.40700000000000003,0.7170000000000001,196,11,4,0,4,2.0,0.23029045643153526,0.04564315352697095,0.0,0.043568464730290454,0.0008598452278589854,0.11203319502074689,0.24273858921161826
Andy Phillips,259,604,557,77,139,25,4,14,70,3,5,34,110,0.25,0.294,0.384,0.679,214,20,3,6,4,0.0,0.2495511669658887,0.04488330341113106,0.00718132854578097,0.025134649910233394,0.0007890583903208837,0.06104129263913824,0.19748653500897667,Andy Phillips,100,393,345,46,86,17,1,17,62,0,0,36,69,0.249,0.326,0.452,0.778,156,9,6,0,6,0.0,0.2492753623188406,0.04927536231884058,0.002898550724637681,0.04927536231884058,0.0,0.10434782608695652,0.2
Jose Castillo,592,2059,1918,211,487,103,10,39,218,13,11,111,378,0.254,0.29600000000000004,0.379,0.675,727,72,9,7,14,19.0,0.25391032325338897,0.053701772679874867,0.005213764337851929,0.020333680917622523,0.0034192530247238295,0.05787278415015641,0.19708029197080293,Jose Castillo,217,852,797,79,216,37,1,24,89,3,3,40,116,0.271,0.311,0.41,0.722,327,26,9,1,5,5.0,0.2710163111668758,0.04642409033877039,0.0012547051442910915,0.030112923462986198,0.0012897678417884782,0.050188205771643665,0.14554579673776663
Micah Hoffpauir,162,394,359,47,90,23,1,12,48,2,0,31,85,0.251,0.312,0.42100000000000004,0.733,151,6,2,0,2,1.0,0.25069637883008355,0.06406685236768803,0.002785515320334262,0.033426183844011144,0.0005260389268805891,0.08635097493036212,0.23676880222841226,Micah Hoffpauir,300,861,770,70,173,30,0,31,88,1,3,79,233,0.225,0.298,0.384,0.6829999999999999,296,12,5,0,7,0.0,0.22467532467532467,0.03896103896103896,0.0,0.04025974025974026,0.0004299226139294927,0.1025974025974026,0.3025974025974026
Bobby Scales,61,158,137,19,34,8,2,3,17,1,0,18,37,0.248,0.342,0.401,0.743,55,5,2,0,1,1.0,0.24817518248175183,0.058394160583941604,0.014598540145985401,0.021897810218978103,0.0002630194634402946,0.13138686131386862,0.27007299270072993,Bobby Scales,165,679,592,76,155,27,3,14,53,6,1,72,206,0.262,0.35200000000000004,0.389,0.741,230,6,12,0,3,1.0,0.26182432432432434,0.04560810810810811,0.005067567567567568,0.02364864864864865,0.0025795356835769563,0.12162162162162163,0.34797297297297297
Mike Hessman,109,250,223,29,42,8,1,14,33,0,0,21,79,0.188,0.272,0.42200000000000004,0.6940000000000001,94,4,5,0,1,2.0,0.18834080717488788,0.03587443946188341,0.004484304932735426,0.06278026905829596,0.0,0.09417040358744394,0.3542600896860987,Mike Hessman,84,267,241,25,52,14,0,14,30,0,0,24,74,0.21600000000000003,0.28800000000000003,0.44799999999999995,0.737,108,3,1,0,1,0.0,0.2157676348547718,0.058091286307053944,0.0,0.058091286307053944,0.0,0.0995850622406639,0.3070539419087137
Brandon Allen,116,389,344,44,70,19,2,12,41,3,0,42,137,0.203,0.29,0.375,0.665,129,4,1,0,2,6.0,0.20348837209302326,0.055232558139534885,0.005813953488372093,0.03488372093023256,0.0007890583903208837,0.12209302325581395,0.39825581395348836,Brandon Allen,29,107,95,17,20,2,0,4,10,0,0,11,34,0.21100000000000002,0.299,0.358,0.657,34,1,1,0,0,1.0,0.21052631578947367,0.021052631578947368,0.0,0.042105263157894736,0.0,0.11578947368421053,0.35789473684210527
Wily Mo Pena,599,1845,1703,211,425,70,5,84,240,12,8,111,559,0.25,0.303,0.445,0.748,757,37,23,1,7,5.0,0.24955960070463887,0.041103934233705224,0.002935995302407516,0.04932472108044627,0.003156233561283535,0.06517909571344686,0.3282442748091603,Wily Mo Pena,520,1994,1738,203,454,90,4,86,260,5,3,205,489,0.261,0.353,0.466,0.8190000000000001,810,43,44,0,7,8.0,0.2612197928653625,0.05178365937859609,0.0023014959723820483,0.04948216340621404,0.0021496130696474634,0.11795166858457998,0.2813578826237054
Chris Carter,113,206,190,20,50,9,0,4,28,1,2,14,26,0.263,0.316,0.374,0.6890000000000001,71,2,1,0,1,0.0,0.2631578947368421,0.04736842105263158,0.0,0.021052631578947368,0.0002630194634402946,0.07368421052631578,0.1368421052631579,Chris Carter,73,172,156,9,41,8,0,4,30,0,0,13,33,0.263,0.32,0.391,0.711,61,5,1,0,2,0.0,0.26282051282051283,0.05128205128205128,0.0,0.02564102564102564,0.0,0.08333333333333333,0.21153846153846154
Esteban German,409,1170,1016,159,284,54,15,8,111,34,15,117,187,0.28,0.359,0.386,0.745,392,26,13,17,7,1.0,0.2795275590551181,0.0531496062992126,0.014763779527559055,0.007874015748031496,0.008942661756970016,0.11515748031496063,0.18405511811023623,Esteban German,502,2046,1778,222,494,78,9,15,182,128,51,220,297,0.278,0.36,0.35700000000000004,0.7170000000000001,635,64,15,20,13,2.0,0.2778402699662542,0.043869516310461196,0.005061867266591676,0.00843644544431946,0.055030094582975066,0.12373453318335208,0.1670416197975253
Luis Terrero,243,625,551,66,129,23,1,14,52,17,10,47,161,0.23399999999999999,0.319,0.35600000000000004,0.675,196,11,22,4,1,2.0,0.23411978221415608,0.041742286751361164,0.0018148820326678765,0.025408348457350273,0.004471330878485008,0.0852994555353902,0.29219600725952816,Luis Terrero,95,310,276,26,68,13,2,6,33,9,4,27,60,0.24600000000000002,0.326,0.373,0.6990000000000001,103,2,6,0,1,0.0,0.2463768115942029,0.04710144927536232,0.007246376811594203,0.021739130434782608,0.003869303525365434,0.09782608695652174,0.21739130434782608
Josh Whitesell,53,142,115,8,23,7,0,2,15,0,0,25,31,0.2,0.35200000000000004,0.313,0.665,36,2,2,0,0,4.0,0.2,0.06086956521739131,0.0,0.017391304347826087,0.0,0.21739130434782608,0.26956521739130435,Josh Whitesell,267,956,822,105,228,51,2,40,143,0,1,111,273,0.27699999999999997,0.37,0.49,0.861,403,17,15,0,8,2.0,0.2773722627737226,0.06204379562043796,0.0024330900243309003,0.04866180048661801,0.0,0.13503649635036497,0.33211678832116787
Vinny Rottino,62,110,97,14,16,4,0,3,11,5,0,10,24,0.165,0.24100000000000002,0.299,0.54,29,0,0,2,1,1.0,0.16494845360824742,0.041237113402061855,0.0,0.030927835051546393,0.0013150973172014729,0.10309278350515463,0.24742268041237114,Vinny Rottino,52,201,174,27,62,11,0,7,33,2,3,24,16,0.35600000000000004,0.43799999999999994,0.54,0.978,94,4,2,0,1,0.0,0.3563218390804598,0.06321839080459771,0.0,0.040229885057471264,0.0008598452278589854,0.13793103448275862,0.09195402298850575
Ryan Spliborghs,619,1769,1561,222,424,86,12,42,218,31,19,172,328,0.272,0.345,0.423,0.768,660,46,12,7,17,1.0,0.2716207559256887,0.05509288917360666,0.007687379884689302,0.026905829596412557,0.008153603366649132,0.11018577834721333,0.21012171684817424,Ryan Spliborghs,107,378,331,35,94,9,1,8,38,3,0,37,67,0.284,0.36,0.39,0.75,129,10,5,0,5,1.0,0.283987915407855,0.027190332326283987,0.0030211480362537764,0.02416918429003021,0.0012897678417884782,0.11178247734138973,0.20241691842900303
Andruw Jones,2196,8664,7599,1204,1933,383,36,434,1289,152,59,891,1748,0.254,0.337,0.486,0.823,3690,192,97,6,71,69.0,0.25437557573364916,0.05040136860113173,0.00473746545598105,0.05711277799710488,0.039978958442924775,0.11725227003553099,0.23003026714041322,Andruw Jones,281,1185,926,150,215,41,1,50,165,6,6,223,304,0.23199999999999998,0.392,0.441,0.833,408,31,27,0,9,6.0,0.23218142548596113,0.04427645788336933,0.0010799136069114472,0.05399568034557235,0.0025795356835769563,0.2408207343412527,0.3282937365010799
Luis Cruz,195,652,610,57,143,27,1,7,57,4,2,24,78,0.23399999999999999,0.272,0.316,0.589,193,18,9,6,3,3.0,0.23442622950819672,0.04426229508196721,0.001639344262295082,0.011475409836065573,0.0010520778537611783,0.03934426229508197,0.12786885245901639,Luis Cruz,362,1394,1321,116,322,72,2,43,176,1,4,53,160,0.244,0.273,0.39899999999999997,0.672,527,29,6,0,14,2.0,0.24375473126419378,0.05450416351249054,0.001514004542013626,0.03255109765329296,0.0004299226139294927,0.04012112036336109,0.12112036336109008
Chad Huffman,21,36,32,4,7,0,1,0,2,0,0,3,11,0.21899999999999997,0.306,0.281,0.5870000000000001,9,1,1,0,0,0.0,0.21875,0.0,0.03125,0.0,0.0,0.09375,0.34375,Chad Huffman,73,223,196,23,51,20,0,4,28,0,1,22,55,0.26,0.34700000000000003,0.423,0.77,83,1,4,1,0,0.0,0.2602040816326531,0.10204081632653061,0.0,0.02040816326530612,0.0,0.11224489795918367,0.28061224489795916
Barbaro Canizare,5,21,21,1,4,1,0,0,0,0,0,0,6,0.19,0.19,0.23800000000000002,0.429,5,0,0,0,0,0.0,0.19047619047619047,0.047619047619047616,0.0,0.0,0.0,0.0,0.2857142857142857,Barbaro Canizare,38,92,85,7,22,5,0,1,8,0,0,5,17,0.259,0.304,0.353,0.657,30,3,1,0,1,0.0,0.25882352941176473,0.058823529411764705,0.0,0.011764705882352941,0.0,0.058823529411764705,0.2
Juan Miranda,111,296,257,29,58,11,3,11,37,0,1,32,68,0.226,0.32,0.42,0.74,108,2,4,2,1,1.0,0.22568093385214008,0.042801556420233464,0.011673151750972763,0.042801556420233464,0.0,0.1245136186770428,0.26459143968871596,Juan Miranda,116,427,375,43,85,19,0,14,57,0,0,42,108,0.22699999999999998,0.311,0.389,0.701,146,6,6,0,4,2.0,0.22666666666666666,0.050666666666666665,0.0,0.037333333333333336,0.0,0.112,0.288
Yuniesky Betancourt,1156,4278,4052,437,1057,218,29,80,457,30,30,143,435,0.261,0.285,0.38799999999999996,0.6729999999999999,1573,110,10,34,39,10.0,0.2608588351431392,0.05380059230009872,0.007156959526159921,0.019743336623889437,0.007890583903208837,0.03529121421520237,0.10735439289239881,Yuniesky Betancourt,18,74,71,1,10,1,0,0,4,0,1,0,15,0.141,0.139,0.155,0.294,11,2,0,2,1,0.0,0.14084507042253522,0.014084507042253521,0.0,0.0,0.0,0.0,0.2112676056338028
Joey Butler,102,297,274,33,75,14,0,8,31,5,2,20,91,0.27399999999999997,0.33,0.41200000000000003,0.742,113,16,3,0,0,0.0,0.2737226277372263,0.051094890510948905,0.0,0.029197080291970802,0.0013150973172014729,0.072992700729927,0.33211678832116787,Joey Butler,48,161,138,11,37,5,2,4,22,0,0,16,39,0.268,0.354,0.42,0.774,58,7,4,0,3,0.0,0.26811594202898553,0.036231884057971016,0.014492753623188406,0.028985507246376812,0.0,0.11594202898550725,0.2826086956521739
Cody Ransom,383,858,752,111,160,47,2,30,105,6,3,88,274,0.213,0.303,0.4,0.703,301,19,9,9,0,2.0,0.2127659574468085,0.0625,0.0026595744680851063,0.0398936170212766,0.0015781167806417674,0.11702127659574468,0.36436170212765956,Cody Ransom,46,162,140,10,34,11,0,2,15,0,1,19,54,0.243,0.342,0.364,0.706,51,1,2,1,0,1.0,0.24285714285714285,0.07857142857142857,0.0,0.014285714285714285,0.0,0.1357142857142857,0.38571428571428573
Zach Lutz,22,37,31,3,7,2,0,0,2,0,0,6,11,0.226,0.35100000000000003,0.29,0.642,9,1,0,0,0,0.0,0.22580645161290322,0.06451612903225806,0.0,0.0,0.0,0.1935483870967742,0.3548387096774194,Zach Lutz,15,58,51,11,16,3,0,5,18,1,0,4,7,0.314,0.379,0.667,1.046,34,2,2,0,1,0.0,0.3137254901960784,0.058823529411764705,0.0,0.09803921568627451,0.0004299226139294927,0.0784313725490196,0.13725490196078433
Kevin Youkilis,1061,4436,3749,653,1053,254,18,150,618,26,14,539,828,0.281,0.382,0.478,0.861,1793,74,104,0,44,22.0,0.2808748999733262,0.06775140037343291,0.00480128034142438,0.04001066951186983,0.006838506049447659,0.1437716724459856,0.22085889570552147,Kevin Youkilis,21,79,65,6,14,4,0,1,11,0,0,12,23,0.215,0.342,0.32299999999999995,0.665,21,1,1,0,1,0.0,0.2153846153846154,0.06153846153846154,0.0,0.015384615384615385,0.0,0.18461538461538463,0.35384615384615387
Jeremy Hermida,632,2261,2012,248,517,104,9,65,250,22,8,216,517,0.257,0.33399999999999996,0.415,0.7490000000000001,834,40,21,4,8,16.0,0.25695825049701787,0.05168986083499006,0.0044731610337972166,0.03230616302186879,0.005786428195686481,0.1073558648111332,0.25695825049701787,Jeremy Hermida,59,221,190,12,36,9,1,1,19,1,1,28,69,0.18899999999999997,0.303,0.263,0.5660000000000001,50,1,3,0,0,0.0,0.18947368421052632,0.04736842105263158,0.005263157894736842,0.005263157894736842,0.0004299226139294927,0.14736842105263157,0.3631578947368421
Brandon Laird,53,138,127,12,25,4,0,6,16,0,0,8,38,0.19699999999999998,0.255,0.37,0.626,47,4,2,1,0,0.0,0.1968503937007874,0.031496062992125984,0.0,0.047244094488188976,0.0,0.06299212598425197,0.2992125984251969,Brandon Laird,822,3332,2975,353,732,109,5,192,526,1,2,291,752,0.24600000000000002,0.318,0.48,0.7979999999999999,1427,98,37,0,29,0.0,0.24605042016806722,0.03663865546218487,0.0016806722689075631,0.06453781512605042,0.0004299226139294927,0.09781512605042017,0.2527731092436975
Tony Blanco,56,65,62,7,11,3,0,1,7,1,0,2,19,0.177,0.215,0.27399999999999997,0.49,17,0,1,0,0,0.0,0.1774193548387097,0.04838709677419355,0.0,0.016129032258064516,0.0002630194634402946,0.03225806451612903,0.3064516129032258,Tony Blanco,750,3027,2668,366,725,108,1,181,542,4,3,290,755,0.272,0.35100000000000003,0.516,0.868,1378,60,48,0,21,17.0,0.2717391304347826,0.04047976011994003,0.0003748125937031484,0.06784107946026986,0.0017196904557179708,0.10869565217391304,0.28298350824587704
Gaby Sanchez,700,2270,1998,236,508,126,4,61,266,12,1,225,368,0.254,0.332,0.413,0.7440000000000001,825,55,18,5,24,9.0,0.25425425425425424,0.06306306306306306,0.002002002002002002,0.03053053053053053,0.003156233561283535,0.11261261261261261,0.1841841841841842,Gaby Sanchez,100,360,306,35,77,21,0,12,35,3,2,46,54,0.252,0.353,0.43799999999999994,0.7909999999999999,134,6,4,0,4,0.0,0.25163398692810457,0.06862745098039216,0.0,0.0392156862745098,0.0012897678417884782,0.1503267973856209,0.17647058823529413
Zelous Wheeler,29,62,57,6,11,0,0,2,5,0,0,2,12,0.193,0.23,0.298,0.528,17,1,1,1,1,0.0,0.19298245614035087,0.0,0.0,0.03508771929824561,0.0,0.03508771929824561,0.21052631578947367,Zelous Wheeler,787,3031,2691,328,711,129,2,129,426,22,14,265,585,0.264,0.33899999999999997,0.457,0.7959999999999999,1231,85,51,0,24,11.0,0.26421404682274247,0.04793756967670011,0.0007432181345224824,0.04793756967670011,0.009458297506448839,0.09847640282422891,0.21739130434782608
Yamaico Navarro,79,199,180,19,37,3,1,2,20,0,2,14,52,0.20600000000000002,0.258,0.267,0.524,48,3,0,1,4,1.0,0.20555555555555555,0.016666666666666666,0.005555555555555556,0.011111111111111112,0.0,0.07777777777777778,0.28888888888888886,Yamaico Navarro,82,340,286,38,62,6,1,10,44,0,3,49,64,0.217,0.32899999999999996,0.35,0.679,100,5,1,0,4,0.0,0.21678321678321677,0.02097902097902098,0.0034965034965034965,0.03496503496503497,0.0,0.17132867132867133,0.22377622377622378
Brian Bogusevic,321,833,748,93,178,36,4,19,67,24,7,72,204,0.23800000000000002,0.311,0.373,0.684,279,21,9,1,3,3.0,0.23796791443850268,0.0481283422459893,0.0053475935828877,0.02540106951871658,0.00631246712256707,0.0962566844919786,0.2727272727272727,Brian Bogusevic,112,409,364,49,98,26,2,12,46,11,3,36,86,0.26899999999999996,0.35,0.451,0.8,164,7,9,0,0,1.0,0.2692307692307692,0.07142857142857142,0.005494505494505495,0.03296703296703297,0.004729148753224419,0.0989010989010989,0.23626373626373626
Brent Morel,220,717,662,72,150,26,1,13,59,12,6,40,132,0.22699999999999998,0.273,0.32799999999999996,0.601,217,15,3,10,2,1.0,0.22658610271903323,0.03927492447129909,0.0015105740181268882,0.019637462235649546,0.003156233561283535,0.06042296072507553,0.19939577039274925,Brent Morel,132,458,406,38,102,21,0,9,49,2,2,42,116,0.251,0.32799999999999996,0.369,0.6970000000000001,150,13,6,0,4,0.0,0.2512315270935961,0.05172413793103448,0.0,0.022167487684729065,0.0008598452278589854,0.10344827586206896,0.2857142857142857
Carlos Peguero,103,319,289,29,56,10,3,13,37,3,1,24,126,0.19399999999999998,0.263,0.384,0.647,111,1,4,0,2,3.0,0.19377162629757785,0.03460207612456748,0.010380622837370242,0.04498269896193772,0.0007890583903208837,0.08304498269896193,0.4359861591695502,Carlos Peguero,259,1065,955,128,253,33,2,53,145,4,2,103,326,0.265,0.34,0.47,0.81,449,26,6,0,1,10.0,0.2649214659685864,0.03455497382198953,0.0020942408376963353,0.05549738219895288,0.0017196904557179708,0.10785340314136126,0.3413612565445026
Matt Duffy,11,12,11,0,3,1,0,0,3,0,0,1,4,0.273,0.33299999999999996,0.364,0.6970000000000001,4,0,0,0,0,0.0,0.2727272727272727,0.09090909090909091,0.0,0.0,0.0,0.09090909090909091,0.36363636363636365,Matt Duffy,112,349,311,33,69,17,1,12,39,0,1,25,96,0.222,0.301,0.39899999999999997,0.7,124,5,11,0,2,0.0,0.22186495176848875,0.05466237942122187,0.003215434083601286,0.03858520900321544,0.0,0.08038585209003216,0.3086816720257235
Jimmy Paredes,332,1012,951,104,239,42,5,20,100,19,14,49,287,0.251,0.28600000000000003,0.369,0.6559999999999999,351,13,1,3,8,0.0,0.2513144058885384,0.04416403785488959,0.005257623554153523,0.02103049421661409,0.004997369805365597,0.05152471083070452,0.3017875920084122,Jimmy Paredes,138,458,424,50,89,11,1,17,41,2,0,28,137,0.21,0.264,0.361,0.625,153,7,4,0,2,2.0,0.2099056603773585,0.025943396226415096,0.0023584905660377358,0.04009433962264151,0.0008598452278589854,0.0660377358490566,0.3231132075471698
Chris Marrero,54,174,163,8,34,5,0,1,16,0,0,6,40,0.209,0.23600000000000002,0.258,0.493,42,5,1,0,4,0.0,0.2085889570552147,0.03067484662576687,0.0,0.006134969325153374,0.0,0.03680981595092025,0.24539877300613497,Chris Marrero,193,697,625,69,152,34,2,33,90,2,0,60,187,0.243,0.314,0.462,0.777,289,16,7,0,5,1.0,0.2432,0.0544,0.0032,0.0528,0.0008598452278589854,0.096,0.2992
Matt Dominguez,362,1369,1272,123,294,48,2,42,152,0,2,66,249,0.231,0.273,0.371,0.644,472,46,13,4,14,4.0,0.23113207547169812,0.03773584905660377,0.0015723270440251573,0.0330188679245283,0.0,0.05188679245283019,0.1957547169811321,Matt Dominguez,89,280,243,27,54,13,0,13,44,0,0,26,62,0.222,0.318,0.436,0.754,106,3,9,0,2,0.0,0.2222222222222222,0.053497942386831275,0.0,0.053497942386831275,0.0,0.10699588477366255,0.2551440329218107
Oswaldo Arcia,288,1075,983,103,231,40,6,44,131,3,5,76,339,0.235,0.298,0.42200000000000004,0.72,415,13,13,0,3,8.0,0.23499491353001017,0.04069175991861648,0.006103763987792472,0.044760935910478125,0.0007890583903208837,0.07731434384537131,0.34486266531027465,Oswaldo Arcia,98,353,302,33,67,10,0,14,46,0,2,40,96,0.222,0.331,0.39399999999999996,0.725,119,6,10,0,1,0.0,0.22185430463576158,0.033112582781456956,0.0,0.046357615894039736,0.0,0.13245033112582782,0.31788079470198677
Stefen Romero,94,233,215,26,42,8,2,4,17,0,4,8,58,0.195,0.242,0.307,0.5489999999999999,66,5,6,2,2,0.0,0.19534883720930232,0.037209302325581395,0.009302325581395349,0.018604651162790697,0.0,0.037209302325581395,0.26976744186046514,Stefen Romero,426,1740,1561,221,412,67,4,96,264,12,6,134,434,0.264,0.331,0.496,0.828,775,34,30,0,15,9.0,0.26393337604099937,0.042921204356181936,0.0025624599615631004,0.06149903907751442,0.005159071367153913,0.08584240871236387,0.27802690582959644
O'koyea Dickson,7,9,7,0,1,0,0,0,0,0,0,2,2,0.14300000000000002,0.33299999999999996,0.14300000000000002,0.47600000000000003,1,0,0,0,0,1.0,0.14285714285714285,0.0,0.0,0.0,0.0,0.2857142857142857,0.2857142857142857,O'koyea Dickson,68,213,189,21,46,9,0,11,37,0,1,18,52,0.243,0.324,0.466,0.79,88,5,5,0,1,0.0,0.24338624338624337,0.047619047619047616,0.0,0.0582010582010582,0.0,0.09523809523809523,0.2751322751322751
Leonys Martin,611,2238,1916,241,466,92,2,79,259,4,10,255,399,0.243,0.336,0.41700000000000004,0.753,799,42,25,17,25,6.0,0.24321503131524008,0.04801670146137787,0.0010438413361169101,0.04123173277661795,0.0010520778537611783,0.13308977035490605,0.2082463465553236,Leonys Martin,253,1098,901,165,217,51,0,64,174,14,6,159,261,0.24100000000000002,0.37200000000000005,0.511,0.882,460,21,32,0,6,9.0,0.24084350721420644,0.05660377358490566,0.0,0.07103218645948946,0.0060189165950128975,0.17647058823529413,0.28967813540510545
Kenny Vargas,236,859,783,104,197,38,1,35,116,0,0,65,251,0.252,0.311,0.43700000000000006,0.748,342,24,5,0,6,4.0,0.2515964240102171,0.04853128991060025,0.001277139208173691,0.04469987228607918,0.0,0.08301404853128991,0.3205619412515964,Kenny Vargas,89,249,215,14,50,10,0,6,27,0,1,28,78,0.233,0.32899999999999996,0.363,0.6920000000000001,78,8,4,0,2,1.0,0.23255813953488372,0.046511627906976744,0.0,0.027906976744186046,0.0,0.13023255813953488,0.3627906976744186
Jabari Blash,123,324,274,35,51,9,0,8,22,4,3,44,124,0.18600000000000003,0.306,0.307,0.612,84,8,4,0,2,0.0,0.18613138686131386,0.032846715328467155,0.0,0.029197080291970802,0.0010520778537611783,0.16058394160583941,0.45255474452554745,Jabari Blash,165,676,545,91,139,27,0,35,113,3,4,106,203,0.255,0.391,0.49700000000000005,0.888,271,9,19,0,6,3.0,0.25504587155963304,0.04954128440366973,0.0,0.06422018348623854,0.0012897678417884782,0.1944954128440367,0.3724770642201835
Adam Jones,1823,7515,7009,963,1939,336,29,282,945,97,35,340,1395,0.27699999999999997,0.317,0.45399999999999996,0.7709999999999999,3179,190,103,8,55,20.0,0.2766443144528463,0.047938364959337995,0.004137537451847625,0.04023398487658725,0.025512887953708575,0.04850905978028249,0.19902981880439435,Adam Jones,54,504,443,39,112,16,0,16,66,1,0,53,97,0.253,0.337,0.397,0.735,176,16,5,0,3,1.0,0.2528216704288939,0.03611738148984198,0.0,0.03611738148984198,0.0004299226139294927,0.11963882618510158,0.21896162528216703
Cory Spangenberg,419,1379,1250,154,320,49,15,29,119,34,10,99,374,0.256,0.315,0.389,0.7040000000000001,486,14,10,16,4,3.0,0.256,0.0392,0.012,0.0232,0.008942661756970016,0.0792,0.2992,Cory Spangenberg,171,654,586,80,150,33,11,22,84,15,5,59,214,0.256,0.32899999999999996,0.462,0.7909999999999999,271,6,6,0,3,0.0,0.25597269624573377,0.05631399317406143,0.01877133105802048,0.03754266211604096,0.006448839208942391,0.10068259385665529,0.3651877133105802
Leo Gomez,611,2238,1916,241,466,92,2,79,259,4,10,255,399,0.243,0.336,0.41700000000000004,0.753,799,42,25,17,25,6.0,0.24321503131524008,0.04801670146137787,0.0010438413361169101,0.04123173277661795,0.0010520778537611783,0.13308977035490605,0.2082463465553236,Leo Gomez,660,2740,2355,348,690,98,3,153,449,8,4,334,350,0.293,0.382,0.532,0.914,1253,70,21,3,27,37.0,0.2929936305732484,0.041613588110403395,0.0012738853503184713,0.06496815286624204,0.0034393809114359416,0.14182590233545647,0.14861995753715498
Dave Nilsson,837,3153,2779,389,789,157,10,105,470,15,18,320,424,0.284,0.35600000000000004,0.461,0.8170000000000001,1281,57,10,12,32,40.0,0.283915077365959,0.05649514213745952,0.0035984166966534724,0.037783375314861464,0.003945291951604419,0.11514933429291112,0.15257286793810723,Dave Nilsson,18,63,61,5,11,2,0,1,8,0,0,2,16,0.18,0.20600000000000002,0.262,0.469,16,2,0,0,0,0.0,0.18032786885245902,0.03278688524590164,0.0,0.01639344262295082,0.0,0.03278688524590164,0.26229508196721313
Howard Battle,29,43,37,5,9,0,0,1,5,1,0,6,13,0.243,0.349,0.324,0.6729999999999999,12,1,0,0,0,0.0,0.24324324324324326,0.0,0.0,0.02702702702702703,0.0002630194634402946,0.16216216216216217,0.35135135135135137,Howard Battle,13,51,44,4,10,2,0,1,1,0,0,3,14,0.22699999999999998,0.292,0.341,0.633,15,1,1,3,0,0.0,0.22727272727272727,0.045454545454545456,0.0,0.022727272727272728,0.0,0.06818181818181818,0.3181818181818182
Micah Franklin,17,37,34,6,11,0,0,2,2,0,0,3,10,0.324,0.37799999999999995,0.5,0.878,17,0,0,0,0,0.0,0.3235294117647059,0.0,0.0,0.058823529411764705,0.0,0.08823529411764706,0.29411764705882354,Micah Franklin,144,576,472,74,110,26,0,32,86,3,0,77,144,0.233,0.359,0.49200000000000005,0.851,232,13,20,0,7,10.0,0.2330508474576271,0.05508474576271186,0.0,0.06779661016949153,0.0012897678417884782,0.163135593220339,0.3050847457627119
Jason Hardtke,67,145,134,14,31,7,0,2,16,1,1,8,24,0.231,0.28300000000000003,0.32799999999999996,0.611,44,4,2,0,1,1.0,0.23134328358208955,0.05223880597014925,0.0,0.014925373134328358,0.0002630194634402946,0.05970149253731343,0.1791044776119403,Jason Hardtke,76,323,302,31,82,16,2,4,27,0,2,16,55,0.272,0.309,0.377,0.687,114,12,1,3,1,0.0,0.271523178807947,0.052980132450331126,0.006622516556291391,0.013245033112582781,0.0,0.052980132450331126,0.18211920529801323
Tony Tarasco,457,1129,1006,151,241,46,5,34,118,39,10,106,171,0.24,0.313,0.397,0.7090000000000001,399,15,4,6,7,0.0,0.23956262425447317,0.04572564612326044,0.004970178926441352,0.033797216699801194,0.010257759074171488,0.10536779324055666,0.16998011928429424,Tony Tarasco,102,422,380,40,91,13,1,19,57,1,7,38,88,0.239,0.306,0.429,0.735,163,7,0,0,4,0.0,0.2394736842105263,0.034210526315789476,0.002631578947368421,0.05,0.0004299226139294927,0.1,0.23157894736842105
Eddy Diaz,16,51,50,4,11,2,1,0,7,0,0,1,5,0.22,0.235,0.3,0.535,15,3,0,0,0,0.0,0.22,0.04,0.02,0.0,0.0,0.02,0.1,Eddy Diaz,430,1600,1448,166,404,55,3,65,220,13,9,105,164,0.27899999999999997,0.33299999999999996,0.456,0.789,660,33,18,18,11,6.0,0.27900552486187846,0.03798342541436464,0.0020718232044198894,0.04488950276243094,0.005588993981083405,0.07251381215469613,0.1132596685082873
Luis Lopez,52,155,145,10,33,4,0,3,10,0,0,8,25,0.228,0.273,0.317,0.59,46,11,1,1,0,1.0,0.22758620689655173,0.027586206896551724,0.0,0.020689655172413793,0.0,0.05517241379310345,0.1724137931034483,Luis Lopez,118,367,336,29,75,16,1,12,49,0,0,25,61,0.223,0.28300000000000003,0.384,0.667,129,9,4,0,2,0.0,0.22321428571428573,0.047619047619047616,0.002976190476190476,0.03571428571428571,0.0,0.0744047619047619,0.18154761904761904
Torey Lovullo,303,837,737,80,165,35,1,15,60,9,8,80,121,0.22399999999999998,0.301,0.335,0.636,247,16,3,12,5,3.0,0.22388059701492538,0.04748982360922659,0.0013568521031207597,0.0203527815468114,0.002367175170962651,0.10854816824966079,0.16417910447761194,Torey Lovullo,29,74,66,6,13,1,0,1,2,1,0,7,11,0.19699999999999998,0.27399999999999997,0.258,0.532,17,4,0,1,0,0.0,0.19696969696969696,0.015151515151515152,0.0,0.015151515151515152,0.0004299226139294927,0.10606060606060606,0.16666666666666666
Lou Merloni,423,1223,1085,138,294,67,7,14,125,9,8,88,213,0.271,0.332,0.384,0.716,417,38,17,20,13,5.0,0.2709677419354839,0.06175115207373272,0.0064516129032258064,0.012903225806451613,0.002367175170962651,0.08110599078341015,0.19631336405529953,Lou Merloni,41,102,94,10,20,4,0,1,3,0,0,7,15,0.213,0.275,0.287,0.562,27,2,1,0,0,0.0,0.2127659574468085,0.0425531914893617,0.0,0.010638297872340425,0.0,0.07446808510638298,0.1595744680851064
Bobby Rose,73,223,200,24,49,11,3,5,23,1,1,15,33,0.245,0.305,0.405,0.71,81,5,3,3,2,1.0,0.245,0.055,0.015,0.025,0.0002630194634402946,0.075,0.165,Bobby Rose,1039,4525,3929,574,1275,238,36,167,808,16,12,488,566,0.325,0.402,0.531,0.9329999999999999,2086,144,57,1,50,44.0,0.3245100534487147,0.06057520997709341,0.009162636803257827,0.04250445405955714,0.006878761822871883,0.12420463222193942,0.1440570119623314
Domingo Martinez,15,23,22,4,9,0,0,2,6,0,0,1,8,0.409,0.435,0.682,1.117,15,0,0,0,0,0.0,0.4090909090909091,0.0,0.0,0.09090909090909091,0.0,0.045454545454545456,0.36363636363636365,Domingo Martinez,538,1907,1696,214,497,76,3,104,350,9,4,175,361,0.293,0.36,0.525,0.8859999999999999,891,69,15,0,21,21.0,0.2930424528301887,0.04481132075471698,0.001768867924528302,0.06132075471698113,0.003869303525365434,0.10318396226415094,0.21285377358490565
Ozzie Timmons,186,441,405,62,95,20,1,20,60,4,1,33,82,0.235,0.293,0.43700000000000006,0.73,177,11,1,1,1,2.0,0.2345679012345679,0.04938271604938271,0.0024691358024691358,0.04938271604938271,0.0010520778537611783,0.08148148148148149,0.20246913580246914,Ozzie Timmons,83,299,272,30,62,9,1,12,45,1,1,22,73,0.228,0.287,0.401,0.688,109,7,1,3,1,0.0,0.22794117647058823,0.03308823529411765,0.003676470588235294,0.04411764705882353,0.0004299226139294927,0.08088235294117647,0.26838235294117646
Ivan Cruz,41,58,55,5,15,1,0,2,8,0,0,3,17,0.273,0.31,0.4,0.71,22,1,0,0,0,0.0,0.2727272727272727,0.01818181818181818,0.0,0.03636363636363636,0.0,0.05454545454545454,0.3090909090909091,Ivan Cruz,141,515,464,40,106,13,1,25,68,1,0,45,122,0.228,0.303,0.42200000000000004,0.725,196,7,5,0,1,5.0,0.22844827586206898,0.028017241379310345,0.0021551724137931034,0.05387931034482758,0.0004299226139294927,0.09698275862068965,0.2629310344827586
Tom Evans,42,119,102,17,26,6,0,1,7,0,4,13,25,0.255,0.34700000000000003,0.34299999999999997,0.691,35,2,2,1,1,0.0,0.2549019607843137,0.058823529411764705,0.0,0.00980392156862745,0.0,0.12745098039215685,0.24509803921568626,Tom Evans,117,442,366,44,91,18,1,17,59,1,3,63,129,0.249,0.371,0.44299999999999995,0.8140000000000001,162,9,10,0,3,2.0,0.24863387978142076,0.04918032786885246,0.00273224043715847,0.04644808743169399,0.0004299226139294927,0.1721311475409836,0.3524590163934426
Eduardo Perez,754,2039,1800,238,445,88,3,79,294,19,13,194,393,0.247,0.326,0.431,0.757,776,53,24,6,15,8.0,0.24722222222222223,0.04888888888888889,0.0016666666666666668,0.04388888888888889,0.004997369805365597,0.10777777777777778,0.21833333333333332,Eduardo Perez,52,190,167,20,37,11,0,3,19,3,2,21,48,0.222,0.311,0.341,0.652,57,2,1,0,1,0.0,0.2215568862275449,0.0658682634730539,0.0,0.017964071856287425,0.0012897678417884782,0.12574850299401197,0.2874251497005988
Alex Ramirez ,135,350,332,38,86,17,3,12,48,3,1,15,78,0.259,0.293,0.43700000000000006,0.73,145,10,1,2,0,2.0,0.25903614457831325,0.05120481927710843,0.009036144578313253,0.03614457831325301,0.0007890583903208837,0.045180722891566265,0.23493975903614459,Alex Ramirez ,1744,7152,6708,866,2017,328,12,380,1272,20,19,308,1259,0.301,0.336,0.523,0.8590000000000001,3509,192,75,0,61,38.0,0.300685748360167,0.04889683959451401,0.0017889087656529517,0.056648777579010136,0.008598452278589854,0.045915324985092425,0.18768634466308884
David Doster,138,225,202,23,47,10,0,4,18,1,0,19,44,0.233,0.297,0.342,0.639,69,3,0,3,1,1.0,0.23267326732673269,0.04950495049504951,0.0,0.019801980198019802,0.0002630194634402946,0.09405940594059406,0.21782178217821782,David Doster,112,339,309,35,84,14,0,9,27,3,0,19,57,0.272,0.315,0.405,0.72,125,14,1,9,1,6.0,0.27184466019417475,0.045307443365695796,0.0,0.02912621359223301,0.0012897678417884782,0.061488673139158574,0.18446601941747573
Jon Zuber,68,151,136,13,34,7,1,3,16,1,0,12,20,0.25,0.313,0.382,0.696,52,4,1,1,1,1.0,0.25,0.051470588235294115,0.007352941176470588,0.022058823529411766,0.0002630194634402946,0.08823529411764706,0.14705882352941177,Jon Zuber,92,266,232,19,72,14,2,2,27,1,0,30,29,0.31,0.387,0.414,0.8009999999999999,96,10,1,0,3,0.0,0.3103448275862069,0.0603448275862069,0.008620689655172414,0.008620689655172414,0.0004299226139294927,0.12931034482758622,0.125
Scott Bullett,247,405,374,49,87,10,9,6,42,19,9,25,102,0.233,0.28300000000000003,0.35600000000000004,0.638,133,7,2,2,2,2.0,0.232620320855615,0.026737967914438502,0.02406417112299465,0.016042780748663103,0.004997369805365597,0.06684491978609626,0.2727272727272727,Scott Bullett,49,154,149,19,30,8,1,7,15,2,1,5,45,0.201,0.22699999999999998,0.409,0.637,61,3,0,0,0,0.0,0.20134228187919462,0.053691275167785234,0.006711409395973154,0.04697986577181208,0.0008598452278589854,0.03355704697986577,0.30201342281879195
George Arias,173,513,480,46,114,18,2,14,55,2,0,25,121,0.23800000000000002,0.278,0.371,0.649,178,14,2,6,0,2.0,0.2375,0.0375,0.004166666666666667,0.029166666666666667,0.0005260389268805891,0.052083333333333336,0.2520833333333333,George Arias,639,2620,2364,348,612,122,3,161,436,13,6,216,604,0.259,0.322,0.517,0.8390000000000001,1223,41,16,0,24,14.0,0.25888324873096447,0.051607445008460234,0.0012690355329949238,0.06810490693739425,0.005588993981083405,0.09137055837563451,0.25549915397631134
Derrick White,76,119,116,10,21,5,0,3,8,3,0,2,28,0.18100000000000002,0.20199999999999999,0.302,0.503,35,2,1,0,0,1.0,0.1810344827586207,0.04310344827586207,0.0,0.02586206896551724,0.0007890583903208837,0.017241379310344827,0.2413793103448276,Derrick White,73,248,220,19,50,10,0,7,21,1,0,22,55,0.22699999999999998,0.31,0.368,0.679,81,8,5,0,1,1.0,0.22727272727272727,0.045454545454545456,0.0,0.031818181818181815,0.0004299226139294927,0.1,0.25
Mike Gulan,11,18,15,3,0,0,0,0,1,0,0,3,7,0.0,0.16699999999999998,0.0,0.16699999999999998,0,0,0,0,0,0.0,0.0,0.0,0.0,0.0,0.0,0.2,0.4666666666666667,Mike Gulan,67,263,248,20,56,16,0,10,34,1,2,10,83,0.226,0.262,0.41100000000000003,0.674,102,4,3,0,2,0.0,0.22580645161290322,0.06451612903225806,0.0,0.04032258064516129,0.0004299226139294927,0.04032258064516129,0.3346774193548387
Ernie Young,288,908,796,108,179,33,4,27,90,10,11,90,213,0.225,0.31,0.37799999999999995,0.688,301,25,11,5,6,0.0,0.22487437185929648,0.0414572864321608,0.005025125628140704,0.03391959798994975,0.0026301946344029457,0.11306532663316583,0.2675879396984925,Ernie Young,32,124,110,15,19,3,0,8,16,0,0,10,39,0.17300000000000001,0.258,0.418,0.6759999999999999,46,4,3,0,1,0.0,0.17272727272727273,0.02727272727272727,0.0,0.07272727272727272,0.0,0.09090909090909091,0.35454545454545455
Alex Ochoa,807,2387,2143,320,597,131,19,46,261,56,38,203,288,0.27899999999999997,0.344,0.42200000000000004,0.7659999999999999,904,45,19,7,15,7.0,0.27858142790480633,0.06112925804946337,0.008866075594960336,0.021465235650956604,0.014729089952656496,0.09472701819878675,0.1343910405972935,Alex Ochoa,765,3234,2933,372,847,153,5,97,416,17,19,255,474,0.289,0.35,0.444,0.794,1301,74,31,1,14,8.0,0.28878281622911695,0.05216501875213092,0.0017047391749062393,0.033071939993181046,0.007308684436801376,0.0869416979202182,0.16160927378111148
Jimmy Hurst,13,19,17,1,3,1,0,1,1,0,0,2,6,0.17600000000000002,0.263,0.41200000000000003,0.675,7,0,0,0,0,0.0,0.17647058823529413,0.058823529411764705,0.0,0.058823529411764705,0.0,0.11764705882352941,0.35294117647058826,Jimmy Hurst,43,127,111,8,23,3,0,5,15,0,0,16,37,0.0,0.0,0.0,0.0,41,3,0,0,0,0.0,0.2072072072072072,0.02702702702702703,0.0,0.04504504504504504,0.0,0.14414414414414414,0.3333333333333333
Andy Sheets,356,1073,960,118,207,38,3,19,113,16,7,76,275,0.21600000000000003,0.271,0.321,0.5920000000000001,308,15,2,23,12,3.0,0.215625,0.03958333333333333,0.003125,0.019791666666666666,0.004208311415044713,0.07916666666666666,0.2864583333333333,Andy Sheets,682,2957,2694,413,778,152,4,95,374,6,10,216,626,0.289,0.342,0.45399999999999996,0.7959999999999999,1223,64,11,20,16,9.0,0.28878990348923533,0.05642167780252413,0.0014847809948032665,0.03526354862657758,0.0025795356835769563,0.0801781737193764,0.2323682256867112
Chris Latham,110,240,213,34,43,5,1,3,19,9,3,23,85,0.20199999999999999,0.28,0.27699999999999997,0.557,59,1,1,1,2,1.0,0.20187793427230047,0.023474178403755867,0.004694835680751174,0.014084507042253521,0.002367175170962651,0.107981220657277,0.39906103286384975,Chris Latham,60,146,131,21,29,6,1,7,17,4,2,14,59,0.221,0.301,0.44299999999999995,0.7440000000000001,58,0,1,0,0,1.0,0.22137404580152673,0.04580152671755725,0.007633587786259542,0.05343511450381679,0.0017196904557179708,0.10687022900763359,0.45038167938931295
Mike Kinkade,222,491,429,56,110,20,1,13,48,5,4,34,89,0.256,0.35,0.39899999999999997,0.7490000000000001,171,19,28,0,0,2.0,0.2564102564102564,0.046620046620046623,0.002331002331002331,0.030303030303030304,0.0013150973172014729,0.07925407925407925,0.20745920745920746,Mike Kinkade,26,102,86,13,20,1,1,3,7,1,0,4,19,0.233,0.353,0.37200000000000005,0.725,32,6,12,0,0,0.0,0.23255813953488372,0.011627906976744186,0.011627906976744186,0.03488372093023256,0.0004299226139294927,0.046511627906976744,0.22093023255813954
Greg LaRocca,39,100,88,16,23,6,1,0,6,1,0,8,11,0.261,0.337,0.35200000000000004,0.6890000000000001,31,2,2,2,0,0.0,0.26136363636363635,0.06818181818181818,0.011363636363636364,0.0,0.0002630194634402946,0.09090909090909091,0.125,Greg LaRocca,583,2375,2068,322,600,111,3,123,372,15,10,183,290,0.29,0.376,0.525,0.9009999999999999,1086,47,109,0,15,10.0,0.2901353965183752,0.05367504835589942,0.0014506769825918763,0.059477756286266927,0.006448839208942391,0.08849129593810445,0.1402321083172147
Tuffy Rhodes,225,675,590,74,132,29,3,13,44,14,7,74,121,0.22399999999999998,0.31,0.349,0.659,206,7,2,4,5,7.0,0.22372881355932203,0.04915254237288136,0.005084745762711864,0.022033898305084745,0.003682272488164124,0.12542372881355932,0.20508474576271185,Tuffy Rhodes,1674,7319,6274,1100,1792,311,7,464,1269,87,34,958,1655,0.28600000000000003,0.381,0.5589999999999999,0.94,3509,130,40,0,47,77.0,0.2856232068855595,0.049569652534268406,0.0011157156518967167,0.07395600892572521,0.037403267411865865,0.1526936563595792,0.263787057698438
Shane Spencer,538,1867,1671,208,438,84,8,59,242,13,11,152,357,0.262,0.326,0.428,0.754,715,23,17,4,23,4.0,0.2621184919210054,0.05026929982046679,0.0047875523638539795,0.0353081986834231,0.0034192530247238295,0.09096349491322561,0.21364452423698385,Shane Spencer,167,428,384,39,91,21,0,15,50,1,1,40,103,0.237,0.308,0.409,0.7170000000000001,157,8,1,0,3,0.0,0.23697916666666666,0.0546875,0.0,0.0390625,0.0004299226139294927,0.10416666666666667,0.2682291666666667
Adam Riggs,61,171,153,18,33,9,1,3,10,6,2,16,30,0.21600000000000003,0.29,0.34600000000000003,0.636,53,5,0,2,0,1.0,0.21568627450980393,0.058823529411764705,0.006535947712418301,0.0196078431372549,0.0015781167806417674,0.10457516339869281,0.19607843137254902,Adam Riggs,316,1218,1133,180,318,72,1,59,168,15,6,65,244,0.281,0.327,0.502,0.8290000000000001,569,23,15,0,5,1.0,0.28067078552515445,0.06354810238305383,0.00088261253309797,0.05207413945278023,0.006448839208942391,0.05736981465136805,0.21535745807590467
Kevin Witt,146,424,399,38,93,12,0,15,41,1,1,19,108,0.233,0.267,0.376,0.643,150,6,1,1,4,0.0,0.23308270676691728,0.03007518796992481,0.0,0.03759398496240601,0.0002630194634402946,0.047619047619047616,0.2706766917293233,Kevin Witt,65,199,179,16,31,1,2,10,22,0,0,17,70,0.17300000000000001,0.24600000000000002,0.369,0.615,66,6,1,0,2,1.0,0.17318435754189945,0.00558659217877095,0.0111731843575419,0.055865921787709494,0.0,0.09497206703910614,0.39106145251396646
Gabe Kapler,1104,3314,2983,443,799,176,16,82,386,77,30,269,480,0.268,0.32899999999999996,0.42,0.7490000000000001,1253,68,17,20,25,6.0,0.26785115655380487,0.05900100569896078,0.0053637277908146165,0.027489104927924907,0.020252498684902684,0.09017767348307074,0.16091183372443849,Gabe Kapler,38,120,111,11,17,1,1,3,6,2,0,9,19,0.153,0.217,0.261,0.478,29,4,0,0,0,0.0,0.15315315315315314,0.009009009009009009,0.009009009009009009,0.02702702702702703,0.0008598452278589854,0.08108108108108109,0.17117117117117117
Joe Dillon,137,246,217,35,57,12,2,3,19,1,0,22,47,0.263,0.344,0.37799999999999995,0.722,82,7,5,2,0,0.0,0.2626728110599078,0.055299539170506916,0.009216589861751152,0.013824884792626729,0.0002630194634402946,0.10138248847926268,0.21658986175115208,Joe Dillon,31,95,87,9,17,3,1,2,7,0,0,8,17,0.195,0.263,0.322,0.585,28,4,0,0,0,0.0,0.19540229885057472,0.034482758620689655,0.011494252873563218,0.022988505747126436,0.0,0.09195402298850575,0.19540229885057472
Aaron Guiel,307,1099,970,151,239,58,0,35,128,8,12,83,218,0.24600000000000002,0.322,0.414,0.736,402,15,30,5,11,2.0,0.2463917525773196,0.05979381443298969,0.0,0.03608247422680412,0.0021041557075223566,0.08556701030927835,0.22474226804123712,Aaron Guiel,441,1701,1411,203,330,64,1,90,239,6,6,211,385,0.23399999999999999,0.35700000000000004,0.47200000000000003,0.8290000000000001,666,19,67,0,12,12.0,0.23387668320340185,0.04535790219702339,0.0007087172218284905,0.06378454996456413,0.0025795356835769563,0.14953933380581147,0.27285613040396883
Luis Gonzalez,291,950,875,100,248,51,3,23,98,5,10,39,157,0.28300000000000003,0.321,0.42700000000000005,0.7490000000000001,374,15,12,19,5,1.0,0.2834285714285714,0.05828571428571429,0.0034285714285714284,0.026285714285714287,0.0013150973172014729,0.044571428571428574,0.17942857142857144,Luis Gonzalez,57,207,187,24,53,11,0,5,29,0,0,9,35,0.28300000000000003,0.332,0.42200000000000004,0.754,79,7,6,2,3,0.0,0.28342245989304815,0.058823529411764705,0.0,0.026737967914438502,0.0,0.0481283422459893,0.18716577540106952
Damon Hollins,256,762,712,85,172,39,1,28,86,11,5,42,134,0.242,0.284,0.41700000000000004,0.701,297,12,1,4,3,1.0,0.24157303370786518,0.054775280898876406,0.0014044943820224719,0.03932584269662921,0.0028932140978432403,0.05898876404494382,0.18820224719101122,Damon Hollins,124,407,370,43,95,23,1,12,45,2,2,33,85,0.257,0.318,0.42200000000000004,0.7390000000000001,156,10,1,1,2,4.0,0.25675675675675674,0.062162162162162166,0.002702702702702703,0.032432432432432434,0.0008598452278589854,0.0891891891891892,0.22972972972972974
Lew Ford,519,1795,1585,235,425,83,10,35,176,48,10,154,249,0.268,0.345,0.39899999999999997,0.7440000000000001,633,37,37,7,12,5.0,0.26813880126182965,0.05236593059936909,0.006309148264984227,0.022082018927444796,0.01262493424513414,0.0971608832807571,0.15709779179810726,Lew Ford,82,273,244,22,57,15,1,5,29,0,1,20,50,0.23399999999999999,0.304,0.365,0.669,89,13,6,0,3,0.0,0.2336065573770492,0.06147540983606557,0.004098360655737705,0.020491803278688523,0.0,0.08196721311475409,0.20491803278688525
Scott Seabol,60,115,106,11,23,5,0,1,10,0,0,8,23,0.217,0.27,0.292,0.562,31,1,0,0,1,0.0,0.2169811320754717,0.04716981132075472,0.0,0.009433962264150943,0.0,0.07547169811320754,0.2169811320754717,Scott Seabol,150,573,527,34,136,21,2,19,64,1,3,36,106,0.258,0.311,0.414,0.7240000000000001,218,13,6,0,4,0.0,0.25806451612903225,0.03984819734345351,0.003795066413662239,0.036053130929791274,0.0004299226139294927,0.0683111954459203,0.20113851992409867
Larry Bigbie,392,1367,1227,164,328,56,4,31,137,25,8,119,302,0.267,0.331,0.395,0.726,485,15,2,10,9,5.0,0.267318663406683,0.045639771801140996,0.0032599837000814994,0.02526487367563162,0.006575486586007364,0.09698451507742462,0.24612876935615322,Larry Bigbie,84,277,250,30,62,14,0,10,36,1,0,22,76,0.248,0.314,0.424,0.738,106,8,3,0,2,0.0,0.248,0.056,0.0,0.04,0.0004299226139294927,0.088,0.304
Kevin Mench,729,2597,2362,311,632,150,14,89,331,12,6,183,335,0.268,0.324,0.456,0.78,1077,32,27,2,23,15.0,0.26756985605419137,0.06350550381033022,0.0059271803556308214,0.03767993226079593,0.003156233561283535,0.07747671464860288,0.1418289585097375,Kevin Mench,38,130,118,11,30,7,0,3,14,2,1,10,15,0.254,0.315,0.39,0.705,46,3,1,0,1,0.0,0.2542372881355932,0.059322033898305086,0.0,0.025423728813559324,0.0008598452278589854,0.0847457627118644,0.1271186440677966
Jamie D'Antona,18,19,17,2,3,0,0,0,1,0,0,2,4,0.17600000000000002,0.263,0.17600000000000002,0.44,3,0,0,0,0,0.0,0.17647058823529413,0.0,0.0,0.0,0.0,0.11764705882352941,0.23529411764705882,Jamie D'Antona,217,761,685,72,180,36,0,36,133,0,0,62,209,0.263,0.322,0.473,0.795,324,19,3,0,11,2.0,0.26277372262773724,0.052554744525547446,0.0,0.052554744525547446,0.0,0.0905109489051095,0.3051094890510949
Dan Johnson,443,1625,1382,179,324,61,2,57,203,1,1,214,244,0.23399999999999999,0.335,0.405,0.741,560,35,7,0,22,8.0,0.23444283646888567,0.04413892908827786,0.001447178002894356,0.04124457308248915,0.0002630194634402946,0.1548480463096961,0.17655571635311143,Dan Johnson,117,382,325,43,70,6,1,24,57,0,0,52,78,0.215,0.33,0.462,0.7909999999999999,150,10,4,0,1,1.0,0.2153846153846154,0.018461538461538463,0.003076923076923077,0.07384615384615385,0.0,0.16,0.24
Edgardo Alfonzo,1506,6108,5385,777,1532,282,18,146,744,53,17,596,617,0.284,0.35700000000000004,0.425,0.782,2288,110,41,31,55,22.0,0.28449396471680594,0.05236768802228412,0.003342618384401114,0.02711234911792015,0.013940031562335612,0.11067780872794801,0.11457753017641598,Edgardo Alfonzo,53,124,111,10,28,3,0,5,16,0,0,12,16,0.252,0.32299999999999995,0.414,0.737,46,2,0,0,1,0.0,0.25225225225225223,0.02702702702702703,0.0,0.04504504504504504,0.0,0.10810810810810811,0.14414414414414414
Matt Murton,346,1058,952,134,272,46,5,29,112,10,3,93,149,0.28600000000000003,0.35200000000000004,0.436,0.7879999999999999,415,27,6,3,4,5.0,0.2857142857142857,0.04831932773109244,0.005252100840336135,0.03046218487394958,0.0026301946344029457,0.0976890756302521,0.1565126050420168,Matt Murton,832,3534,3287,369,1020,173,7,77,417,27,21,208,424,0.31,0.35200000000000004,0.43700000000000006,0.79,1438,106,16,1,22,8.0,0.31031335564344387,0.05263157894736842,0.0021296014602981443,0.023425616063279586,0.011607910576096303,0.06327958624885914,0.12899300273805903
Jeff Fiorentino,58,173,148,23,40,5,0,1,21,4,0,17,29,0.27,0.341,0.324,0.6659999999999999,48,2,1,3,4,0.0,0.2702702702702703,0.033783783783783786,0.0,0.006756756756756757,0.0010520778537611783,0.11486486486486487,0.19594594594594594,Jeff Fiorentino,97,292,250,22,66,10,0,6,31,2,1,36,58,0.264,0.36200000000000004,0.376,0.738,94,6,3,2,1,1.0,0.264,0.04,0.0,0.024,0.0008598452278589854,0.144,0.232
Justin Huber,72,175,161,14,36,7,0,2,15,1,0,9,45,0.22399999999999998,0.276,0.304,0.58,49,2,3,1,1,0.0,0.2236024844720497,0.043478260869565216,0.0,0.012422360248447204,0.0002630194634402946,0.055900621118012424,0.2795031055900621,Justin Huber,80,209,177,20,39,7,0,7,17,0,0,25,42,0.22,0.34,0.379,0.718,67,6,7,0,0,0.0,0.22033898305084745,0.03954802259887006,0.0,0.03954802259887006,0.0,0.14124293785310735,0.23728813559322035
Edgar Gonzalez,193,522,478,54,122,23,2,11,51,2,5,36,112,0.255,0.312,0.381,0.693,182,16,5,0,3,1.0,0.25523012552301255,0.04811715481171548,0.0041841004184100415,0.02301255230125523,0.0005260389268805891,0.07531380753138076,0.23430962343096234,Edgar Gonzalez,157,517,463,39,117,30,1,16,63,2,4,47,113,0.253,0.32299999999999995,0.425,0.748,197,13,2,3,2,3.0,0.2526997840172786,0.06479481641468683,0.0021598272138228943,0.03455723542116631,0.0008598452278589854,0.10151187904967603,0.24406047516198703
Joel Guzman,24,62,56,7,13,1,2,0,7,0,0,5,12,0.23199999999999998,0.306,0.321,0.628,18,4,1,0,0,0.0,0.23214285714285715,0.017857142857142856,0.03571428571428571,0.0,0.0,0.08928571428571429,0.21428571428571427,Joel Guzman,98,333,312,26,64,11,0,9,25,0,0,15,100,0.205,0.249,0.327,0.5760000000000001,102,7,4,0,2,0.0,0.20512820512820512,0.035256410256410256,0.0,0.028846153846153848,0.0,0.04807692307692308,0.32051282051282054
Brian Barden,119,193,175,21,37,4,0,4,14,0,2,11,44,0.21100000000000002,0.268,0.303,0.5710000000000001,53,5,3,3,1,0.0,0.21142857142857144,0.022857142857142857,0.0,0.022857142857142857,0.0,0.06285714285714286,0.25142857142857145,Brian Barden,95,346,304,24,79,14,0,4,26,0,1,34,70,0.26,0.344,0.345,0.6890000000000001,105,3,6,0,2,0.0,0.2598684210526316,0.046052631578947366,0.0,0.013157894736842105,0.0,0.1118421052631579,0.23026315789473684
Chad Tracy,938,2988,2706,317,741,172,9,86,358,11,7,233,473,0.27399999999999997,0.33299999999999996,0.439,0.772,1189,53,19,3,27,28.0,0.2738359201773836,0.06356245380635625,0.0033259423503325942,0.031781226903178125,0.0028932140978432403,0.0861049519586105,0.17479674796747968,Chad Tracy,40,164,149,10,35,12,0,1,19,0,0,11,34,0.235,0.293,0.336,0.628,50,7,2,0,2,0.0,0.2348993288590604,0.08053691275167785,0.0,0.006711409395973154,0.0,0.0738255033557047,0.22818791946308725
Josh Fields,217,796,713,95,167,25,3,34,107,3,4,69,235,0.23399999999999999,0.303,0.42100000000000004,0.7240000000000001,300,17,3,8,3,0.0,0.23422159887798036,0.03506311360448808,0.004207573632538569,0.047685834502103785,0.0007890583903208837,0.0967741935483871,0.32959326788218796,Josh Fields,55,166,153,15,31,5,1,6,19,1,1,9,43,0.203,0.259,0.366,0.625,56,2,3,0,1,0.0,0.20261437908496732,0.032679738562091505,0.006535947712418301,0.0392156862745098,0.0004299226139294927,0.058823529411764705,0.28104575163398693
Rusty Ryal,134,290,266,30,70,13,3,6,20,0,3,14,88,0.263,0.318,0.402,0.721,107,3,8,1,1,1.0,0.2631578947368421,0.04887218045112782,0.011278195488721804,0.022556390977443608,0.0,0.05263157894736842,0.3308270676691729,Rusty Ryal,67,201,190,17,43,10,2,3,21,2,1,5,57,0.226,0.26899999999999996,0.34700000000000003,0.616,66,3,6,0,0,0.0,0.22631578947368422,0.05263157894736842,0.010526315789473684,0.015789473684210527,0.0008598452278589854,0.02631578947368421,0.3
Brad Eldred,90,299,276,31,56,12,1,15,34,1,1,17,109,0.203,0.258,0.41700000000000004,0.674,115,6,4,0,2,1.0,0.2028985507246377,0.043478260869565216,0.0036231884057971015,0.05434782608695652,0.0002630194634402946,0.06159420289855073,0.39492753623188404,Brad Eldred,577,2169,1918,239,496,79,0,133,370,7,2,204,616,0.259,0.337,0.508,0.8440000000000001,974,39,30,0,17,5.0,0.2586027111574557,0.04118873826903024,0.0,0.06934306569343066,0.0030094582975064487,0.10636079249217935,0.32116788321167883
Lastings Milledge,433,1659,1500,166,404,73,8,33,167,40,20,104,287,0.26899999999999996,0.32799999999999996,0.395,0.723,592,40,33,11,11,10.0,0.2693333333333333,0.048666666666666664,0.005333333333333333,0.022,0.010520778537611783,0.06933333333333333,0.19133333333333333,Lastings Milledge,255,1097,965,135,262,48,2,39,129,16,12,110,155,0.272,0.348,0.447,0.795,431,28,8,6,8,7.0,0.27150259067357513,0.049740932642487044,0.002072538860103627,0.04041450777202073,0.006878761822871883,0.11398963730569948,0.16062176165803108
Randy Ruiz,68,238,217,41,59,11,0,12,25,2,1,16,67,0.272,0.332,0.488,0.82,106,7,4,0,1,1.0,0.271889400921659,0.05069124423963134,0.0,0.055299539170506916,0.0005260389268805891,0.07373271889400922,0.3087557603686636,Randy Ruiz,151,512,472,51,113,23,0,20,60,0,0,36,178,0.239,0.297,0.415,0.7120000000000001,196,13,3,0,1,1.0,0.23940677966101695,0.048728813559322036,0.0,0.0423728813559322,0.0,0.07627118644067797,0.3771186440677966
John Bowker,240,622,574,54,133,25,5,17,73,2,3,39,136,0.23199999999999998,0.28300000000000003,0.382,0.664,219,11,4,0,5,4.0,0.23170731707317074,0.04355400696864112,0.008710801393728223,0.029616724738675958,0.0005260389268805891,0.06794425087108014,0.23693379790940766,John Bowker,239,729,669,57,160,39,5,24,78,5,0,46,188,0.239,0.294,0.42,0.7140000000000001,281,20,8,2,4,4.0,0.23916292974588937,0.05829596412556054,0.007473841554559043,0.03587443946188341,0.0021496130696474634,0.0687593423019432,0.28101644245142005
Matt Clark,16,31,27,4,5,0,0,3,7,0,0,2,8,0.185,0.226,0.519,0.7440000000000001,14,1,0,0,2,2.0,0.18518518518518517,0.0,0.0,0.1111111111111111,0.0,0.07407407407407407,0.2962962962962963,Matt Clark,143,501,436,59,102,15,0,27,74,0,0,54,141,0.23399999999999999,0.325,0.45399999999999996,0.779,198,7,7,0,4,1.0,0.23394495412844038,0.034403669724770644,0.0,0.06192660550458716,0.0,0.12385321100917432,0.32339449541284404
Hector Luna,339,867,794,104,208,41,6,15,96,23,11,55,159,0.262,0.314,0.385,0.6990000000000001,306,14,8,3,7,1.0,0.2619647355163728,0.05163727959697733,0.007556675062972292,0.018891687657430732,0.006049447659126775,0.06926952141057935,0.20025188916876574,Hector Luna,413,1715,1535,222,474,82,10,39,218,29,2,156,279,0.309,0.374,0.451,0.826,693,39,12,0,12,7.0,0.3087947882736156,0.053420195439739415,0.006514657980456026,0.025407166123778503,0.012467755803955288,0.10162866449511401,0.18175895765472314
Brook Conrad,293,515,460,57,92,24,3,19,73,7,1,43,166,0.2,0.271,0.389,0.66,179,4,3,6,3,3.0,0.2,0.05217391304347826,0.006521739130434782,0.041304347826086954,0.001841136244082062,0.09347826086956522,0.36086956521739133,Brook Conrad,76,269,233,26,49,11,0,6,24,3,0,29,78,0.21,0.316,0.335,0.6509999999999999,78,3,7,0,0,2.0,0.21030042918454936,0.04721030042918455,0.0,0.02575107296137339,0.0012897678417884782,0.12446351931330472,0.33476394849785407
Kila Ka'aihue,126,465,411,45,91,19,1,15,46,1,1,49,95,0.221,0.305,0.382,0.687,157,14,1,2,2,2.0,0.22141119221411193,0.046228710462287104,0.0024330900243309003,0.0364963503649635,0.0002630194634402946,0.1192214111922141,0.23114355231143552,Kila Ka'aihue,154,600,512,56,132,20,0,25,85,0,0,77,150,0.258,0.358,0.44299999999999995,0.802,227,6,6,0,5,0.0,0.2578125,0.0390625,0.0,0.048828125,0.0,0.150390625,0.29296875
Fred Lewis,535,1763,1562,261,415,91,21,27,136,53,23,170,390,0.266,0.344,0.40299999999999997,0.747,629,23,21,3,7,10.0,0.26568501920614596,0.05825864276568502,0.013444302176696543,0.017285531370038413,0.013940031562335612,0.1088348271446863,0.2496798975672215,Fred Lewis,110,412,362,52,107,26,1,6,33,18,4,43,94,0.29600000000000004,0.374,0.423,0.7959999999999999,153,8,4,0,3,0.0,0.2955801104972376,0.0718232044198895,0.0027624309392265192,0.016574585635359115,0.007738607050730868,0.11878453038674033,0.2596685082872928
Nick Stavinoha,147,278,265,21,62,12,0,4,30,1,0,8,54,0.23399999999999999,0.256,0.325,0.581,86,9,1,1,3,1.0,0.2339622641509434,0.045283018867924525,0.0,0.01509433962264151,0.0002630194634402946,0.03018867924528302,0.2037735849056604,Nick Stavinoha,66,244,220,21,49,8,0,10,27,0,0,23,56,0.223,0.299,0.395,0.695,87,7,1,0,0,1.0,0.22272727272727272,0.03636363636363636,0.0,0.045454545454545456,0.0,0.10454545454545454,0.2545454545454545
Nyjer Morgan,598,2206,1953,288,550,74,27,12,136,120,51,145,352,0.282,0.34299999999999997,0.366,0.708,714,21,43,52,13,3.0,0.2816180235535074,0.03789042498719918,0.013824884792626729,0.006144393241167435,0.03156233561283535,0.0742447516641065,0.18023553507424475,Nyjer Morgan,124,493,426,62,125,17,2,11,55,5,3,35,95,0.293,0.369,0.42,0.789,179,4,18,11,3,1.0,0.2934272300469484,0.03990610328638498,0.004694835680751174,0.025821596244131457,0.0021496130696474634,0.08215962441314555,0.22300469483568075
Jose Lopez,1036,4089,3841,421,1005,215,11,92,480,25,17,150,471,0.262,0.292,0.395,0.688,1518,113,31,33,34,13.0,0.26165061181983856,0.055975006508721684,0.002863837542306691,0.023952095808383235,0.006575486586007364,0.03905233012236397,0.12262431658422286,Jose Lopez,993,3924,3657,430,1001,200,2,198,588,3,2,205,561,0.27399999999999997,0.314,0.49200000000000005,0.8059999999999999,1799,105,22,8,32,12.0,0.27372162975116215,0.05468963631391851,0.0005468963631391851,0.054142739950779326,0.0012897678417884782,0.05605687722176648,0.15340442986054142
Alexis Gomez,89,170,158,20,41,6,2,1,11,4,0,10,33,0.259,0.308,0.342,0.649,54,2,1,1,0,0.0,0.25949367088607594,0.0379746835443038,0.012658227848101266,0.006329113924050633,0.0010520778537611783,0.06329113924050633,0.2088607594936709,Alexis Gomez,51,136,127,9,31,1,0,3,13,1,0,8,23,0.244,0.287,0.32299999999999995,0.61,41,8,0,0,1,0.0,0.2440944881889764,0.007874015748031496,0.0,0.023622047244094488,0.0004299226139294927,0.06299212598425197,0.18110236220472442
Anderson Hernandez,240,703,643,69,155,25,5,4,60,10,6,55,107,0.24100000000000002,0.3,0.314,0.614,202,17,0,3,2,2.0,0.2410575427682737,0.038880248833592534,0.007776049766718507,0.006220839813374806,0.0026301946344029457,0.08553654743390357,0.16640746500777606,Anderson Hernandez,288,1107,1010,113,266,53,3,21,116,8,5,71,225,0.263,0.31,0.384,0.6940000000000001,388,23,1,17,8,1.0,0.2633663366336634,0.05247524752475247,0.0029702970297029703,0.020792079207920793,0.0034393809114359416,0.0702970297029703,0.22277227722772278
Mauro Gomez,37,111,102,14,28,5,2,2,17,0,0,8,26,0.275,0.324,0.42200000000000004,0.746,43,4,0,0,1,0.0,0.27450980392156865,0.049019607843137254,0.0196078431372549,0.0196078431372549,0.0,0.0784313725490196,0.2549019607843137,Mauro Gomez,426,1775,1559,188,421,79,2,65,260,3,2,187,430,0.27,0.353,0.44799999999999995,0.802,699,46,19,0,10,4.0,0.27004490057729313,0.05067350865939705,0.0012828736369467607,0.04169339320076972,0.0012897678417884782,0.11994868505452214,0.2758178319435536
Jesus Guzman,403,1114,1007,108,249,61,4,25,136,18,5,97,248,0.247,0.316,0.39,0.706,393,18,5,2,3,6.0,0.24726911618669314,0.0605759682224429,0.003972194637537239,0.024826216484607744,0.004734350341925302,0.09632571996027806,0.24627606752730885,Jesus Guzman,78,287,251,30,63,12,2,10,33,3,1,32,62,0.251,0.341,0.434,0.7759999999999999,109,5,3,0,1,0.0,0.250996015936255,0.04780876494023904,0.00796812749003984,0.0398406374501992,0.0012897678417884782,0.12749003984063745,0.24701195219123506
Nate Schierholtz,799,2275,2090,238,529,118,22,52,228,30,22,134,408,0.253,0.302,0.405,0.7070000000000001,847,27,23,3,25,16.0,0.25311004784688995,0.05645933014354067,0.010526315789473684,0.024880382775119617,0.007890583903208837,0.06411483253588517,0.19521531100478468,Nate Schierholtz,87,333,308,40,86,16,1,14,40,3,3,21,82,0.27899999999999997,0.33299999999999996,0.474,0.807,146,1,4,0,0,0.0,0.2792207792207792,0.05194805194805195,0.003246753246753247,0.045454545454545456,0.0012897678417884782,0.06818181818181818,0.2662337662337662
Alex Castellanos,24,43,41,5,7,1,1,2,4,0,0,0,13,0.171,0.18600000000000003,0.39,0.5760000000000001,16,0,1,0,1,0.0,0.17073170731707318,0.024390243902439025,0.024390243902439025,0.04878048780487805,0.0,0.0,0.3170731707317073,Alex Castellanos,19,61,55,8,11,3,0,1,7,1,0,5,27,0.2,0.262,0.309,0.5710000000000001,17,0,0,0,1,0.0,0.2,0.05454545454545454,0.0,0.01818181818181818,0.0004299226139294927,0.09090909090909091,0.4909090909090909
Juan Francsico,404,1091,996,110,235,50,4,48,152,2,6,81,375,0.23600000000000002,0.297,0.439,0.736,437,17,8,0,6,6.0,0.2359437751004016,0.050200803212851405,0.004016064257028112,0.04819277108433735,0.0005260389268805891,0.08132530120481928,0.37650602409638556,Juan Francsico,27,101,91,12,25,3,0,5,23,0,0,9,40,0.275,0.34700000000000003,0.473,0.8190000000000001,43,0,1,0,0,0.0,0.27472527472527475,0.03296703296703297,0.0,0.054945054945054944,0.0,0.0989010989010989,0.43956043956043955
Dayan Viciedo,483,1798,1675,200,425,73,7,66,211,2,3,95,388,0.254,0.298,0.424,0.722,710,57,16,0,12,3.0,0.2537313432835821,0.04358208955223881,0.00417910447761194,0.03940298507462687,0.0005260389268805891,0.056716417910447764,0.2316417910447761,Dayan Viciedo,696,2896,2584,342,761,143,3,117,454,14,9,228,367,0.295,0.361,0.488,0.8490000000000001,1261,97,57,0,27,24.0,0.2945046439628483,0.055340557275541796,0.0011609907120743034,0.045278637770897835,0.0060189165950128975,0.08823529411764706,0.14202786377708979
Matt Hague,43,91,84,6,19,3,0,0,7,1,0,5,19,0.226,0.28600000000000003,0.262,0.5479999999999999,22,2,2,0,0,1.0,0.2261904761904762,0.03571428571428571,0.0,0.0,0.0002630194634402946,0.05952380952380952,0.2261904761904762,Matt Hague,65,250,213,22,61,12,0,4,23,1,1,31,29,0.28600000000000003,0.384,0.39899999999999997,0.7829999999999999,85,7,4,0,2,0.0,0.2863849765258216,0.056338028169014086,0.0,0.018779342723004695,0.0004299226139294927,0.14553990610328638,0.13615023474178403
Elian Herrera,223,639,586,69,148,35,2,8,55,11,4,44,160,0.253,0.306,0.36,0.6659999999999999,211,10,2,4,3,2.0,0.2525597269624573,0.059726962457337884,0.0034129692832764505,0.013651877133105802,0.0028932140978432403,0.07508532423208192,0.27303754266211605,Elian Herrera,104,336,313,39,70,13,2,6,34,2,1,19,79,0.22399999999999998,0.27,0.335,0.606,105,5,1,3,0,0.0,0.22364217252396165,0.04153354632587859,0.006389776357827476,0.019169329073482427,0.0008598452278589854,0.06070287539936102,0.2523961661341853
Garrett Jones,911,3227,2924,347,734,178,12,122,400,28,10,265,680,0.251,0.312,0.445,0.757,1302,57,7,0,31,18.0,0.25102599179206564,0.06087551299589603,0.004103967168262654,0.041723666210670314,0.007364544976328248,0.09062927496580027,0.23255813953488372,Garrett Jones,192,692,619,83,162,30,1,39,116,2,1,67,150,0.262,0.33799999999999997,0.502,0.841,311,13,5,0,1,0.0,0.2617124394184168,0.048465266558966075,0.0016155088852988692,0.0630048465266559,0.0008598452278589854,0.10823909531502424,0.24232633279483037
Alex Guerrero,117,243,232,25,52,9,1,11,36,1,0,7,63,0.22399999999999998,0.251,0.414,0.665,96,7,2,0,2,0.0,0.22413793103448276,0.03879310344827586,0.004310344827586207,0.04741379310344827,0.0002630194634402946,0.03017241379310345,0.27155172413793105,Alex Guerrero,313,1166,1043,134,269,55,5,71,180,4,3,93,219,0.258,0.332,0.524,0.857,547,26,25,1,4,2.0,0.2579098753595398,0.052732502396931925,0.004793863854266539,0.06807286673058485,0.0017196904557179708,0.08916586768935762,0.2099712368168744
Eric Campbell,200,517,449,54,100,18,0,7,44,9,3,54,117,0.223,0.312,0.31,0.622,139,18,7,1,6,2.0,0.22271714922049,0.0400890868596882,0.0,0.015590200445434299,0.002367175170962651,0.12026726057906459,0.26057906458797325,Eric Campbell,95,337,271,45,77,21,0,5,36,4,0,62,61,0.284,0.415,0.41700000000000004,0.8320000000000001,113,12,1,0,3,0.0,0.28413284132841327,0.07749077490774908,0.0,0.01845018450184502,0.0017196904557179708,0.22878228782287824,0.22509225092250923
Jason Rogers,117,212,186,24,48,7,3,4,18,0,0,23,44,0.258,0.349,0.392,0.742,73,3,3,0,0,0.0,0.25806451612903225,0.03763440860215054,0.016129032258064516,0.021505376344086023,0.0,0.12365591397849462,0.23655913978494625,Jason Rogers,40,140,123,15,31,7,0,5,23,0,0,15,26,0.252,0.32899999999999996,0.431,0.759,53,6,0,0,2,0.0,0.25203252032520324,0.056910569105691054,0.0,0.04065040650406504,0.0,0.12195121951219512,0.21138211382113822
Carlos Rivero,4,8,7,1,4,2,0,1,3,0,0,1,0,0.5710000000000001,0.625,1.286,1.911,9,0,0,0,0,0.0,0.5714285714285714,0.2857142857142857,0.0,0.14285714285714285,0.0,0.14285714285714285,0.0,Carlos Rivero,56,217,208,13,44,10,0,7,22,0,0,8,53,0.212,0.24,0.361,0.6,75,5,0,0,1,1.0,0.21153846153846154,0.04807692307692308,0.0,0.03365384615384615,0.0,0.038461538461538464,0.2548076923076923
Casey McGehee,850,3086,2798,285,721,141,6,67,380,7,10,249,517,0.258,0.317,0.384,0.701,1075,115,8,0,31,14.0,0.2576840600428878,0.05039313795568263,0.002144388849177984,0.02394567548248749,0.001841136244082062,0.08899213724088635,0.1847748391708363,Casey McGehee,415,1723,1535,210,457,106,1,67,254,8,4,169,318,0.298,0.366,0.499,0.865,766,44,4,0,15,8.0,0.2977198697068404,0.06905537459283388,0.0006514657980456026,0.04364820846905537,0.0034393809114359416,0.11009771986970684,0.20716612377850163
Zoilo Almonte,47,149,142,11,30,4,0,2,12,4,1,6,33,0.21100000000000002,0.242,0.282,0.523,40,3,0,0,1,0.0,0.2112676056338028,0.028169014084507043,0.0,0.014084507042253521,0.0010520778537611783,0.04225352112676056,0.2323943661971831,Zoilo Almonte,243,967,876,107,277,54,0,31,131,2,2,82,174,0.316,0.375,0.484,0.8590000000000001,424,31,4,0,5,4.0,0.3162100456621005,0.06164383561643835,0.0,0.03538812785388128,0.0008598452278589854,0.09360730593607305,0.19863013698630136
Steven Moya,51,133,124,12,31,4,3,5,11,0,1,8,50,0.25,0.293,0.452,0.745,56,0,0,0,1,0.0,0.25,0.03225806451612903,0.024193548387096774,0.04032258064516129,0.0,0.06451612903225806,0.4032258064516129,Steven Moya,240,815,766,68,191,26,3,34,119,0,1,41,184,0.249,0.29,0.424,0.7140000000000001,325,24,4,0,4,4.0,0.24934725848563968,0.033942558746736295,0.0039164490861618795,0.044386422976501305,0.0,0.05352480417754569,0.2402088772845953
Efren Navarro,157,355,323,36,78,16,2,3,22,2,6,29,70,0.24100000000000002,0.304,0.331,0.635,107,7,0,3,0,4.0,0.24148606811145512,0.04953560371517028,0.006191950464396285,0.009287925696594427,0.0005260389268805891,0.08978328173374613,0.21671826625386997,Efren Navarro,81,270,246,19,65,13,0,3,27,0,0,22,64,0.264,0.326,0.354,0.68,87,7,1,0,1,0.0,0.26422764227642276,0.052845528455284556,0.0,0.012195121951219513,0.0,0.08943089430894309,0.2601626016260163
Wilin Rosario,447,1601,1512,204,413,83,3,71,241,11,7,73,354,0.273,0.306,0.473,0.779,715,43,3,1,12,9.0,0.27314814814814814,0.05489417989417989,0.001984126984126984,0.046957671957671955,0.0028932140978432403,0.04828042328042328,0.23412698412698413,Wilin Rosario,75,302,281,28,68,13,0,8,40,0,1,17,71,0.242,0.285,0.374,0.6579999999999999,105,12,1,0,3,0.0,0.24199288256227758,0.046263345195729534,0.0,0.028469750889679714,0.0,0.060498220640569395,0.2526690391459075
Jefry Marte,256,728,659,85,146,30,1,30,91,4,3,52,156,0.222,0.28800000000000003,0.40700000000000003,0.695,268,18,11,2,4,0.0,0.22154779969650987,0.04552352048558422,0.0015174506828528073,0.04552352048558422,0.0010520778537611783,0.07890743550834597,0.23672230652503792,Jefry Marte,229,918,779,91,216,40,2,33,117,1,2,119,145,0.27699999999999997,0.377,0.461,0.838,359,34,11,0,9,2.0,0.2772785622593068,0.051347881899871634,0.0025673940949935813,0.04236200256739409,0.0004299226139294927,0.1527599486521181,0.18613607188703465
Yangervis Solarte,670,2645,2407,282,620,124,6,75,307,6,5,189,326,0.258,0.315,0.408,0.723,981,78,23,7,19,8.0,0.2575820523473203,0.05151641046946406,0.0024927295388450354,0.03115911923556294,0.0015781167806417674,0.0785209804736186,0.1354383049439136,Yangervis Solarte,27,106,94,9,22,7,0,5,13,0,0,10,16,0.23399999999999999,0.302,0.46799999999999997,0.77,44,4,0,0,2,0.0,0.23404255319148937,0.07446808510638298,0.0,0.05319148936170213,0.0,0.10638297872340426,0.1702127659574468
Christian Villanueva,122,416,383,47,94,16,0,24,53,3,0,23,114,0.245,0.303,0.475,0.778,182,12,9,0,1,0.0,0.2454308093994778,0.04177545691906005,0.0,0.06266318537859007,0.0007890583903208837,0.06005221932114883,0.29765013054830286,Christian Villanueva,127,431,370,35,82,12,0,12,43,3,2,47,91,0.222,0.32299999999999995,0.35100000000000003,0.675,130,6,10,1,3,0.0,0.22162162162162163,0.032432432432432434,0.0,0.032432432432432434,0.0012897678417884782,0.12702702702702703,0.24594594594594596
Moises Sierra,207,509,469,51,110,27,3,9,41,6,2,32,136,0.235,0.287,0.36200000000000004,0.649,170,6,4,0,4,1.0,0.2345415778251599,0.057569296375266525,0.006396588486140725,0.019189765458422176,0.0015781167806417674,0.06823027718550106,0.2899786780383795,Moises Sierra,69,241,202,20,52,8,0,4,18,2,0,28,55,0.257,0.373,0.35600000000000004,0.73,72,10,10,0,1,0.0,0.25742574257425743,0.039603960396039604,0.0,0.019801980198019802,0.0008598452278589854,0.13861386138613863,0.2722772277227723
Justin Bour,559,1950,1714,206,433,71,2,92,303,3,0,218,447,0.253,0.337,0.457,0.794,784,54,6,0,12,26.0,0.2526254375729288,0.041423570595099185,0.0011668611435239206,0.05367561260210035,0.0007890583903208837,0.12718786464410736,0.26079346557759625,Justin Bour,99,379,329,27,80,8,0,17,45,1,1,45,88,0.243,0.33799999999999997,0.42200000000000004,0.76,139,13,3,0,2,5.0,0.24316109422492402,0.0243161094224924,0.0,0.05167173252279635,0.0004299226139294927,0.13677811550151975,0.2674772036474164
Jerry Sands,156,464,420,36,100,22,1,10,57,3,3,38,126,0.23800000000000002,0.303,0.36700000000000005,0.67,154,10,2,2,2,0.0,0.23809523809523808,0.05238095238095238,0.002380952380952381,0.023809523809523808,0.0007890583903208837,0.09047619047619047,0.3,Jerry Sands,219,864,746,94,195,36,1,39,127,3,2,110,187,0.261,0.358,0.469,0.8270000000000001,350,22,4,0,4,7.0,0.2613941018766756,0.04825737265415549,0.0013404825737265416,0.05227882037533512,0.0012897678417884782,0.14745308310991956,0.25067024128686327
Jose Pirela,302,985,909,113,234,55,8,17,82,11,7,63,196,0.257,0.308,0.392,0.6990000000000001,356,24,5,3,5,1.0,0.25742574257425743,0.06050605060506051,0.0088008800880088,0.0187018701870187,0.0028932140978432403,0.06930693069306931,0.2156215621562156,Jose Pirela,99,337,316,47,84,9,2,11,34,2,3,19,53,0.266,0.312,0.41100000000000003,0.723,130,4,2,0,0,2.0,0.26582278481012656,0.028481012658227847,0.006329113924050633,0.03481012658227848,0.0008598452278589854,0.060126582278481014,0.16772151898734178
Alcides Escobar,1494,5962,5545,646,1431,238,56,43,460,176,44,241,814,0.258,0.294,0.344,0.638,1910,112,55,87,34,17.0,0.2580703336339044,0.04292155094679892,0.010099188458070334,0.00775473399458972,0.046291425565491845,0.04346257889990983,0.14679891794409378,Alcides Escobar,104,402,377,27,103,14,2,1,30,6,7,13,52,0.273,0.312,0.32899999999999996,0.6409999999999999,124,9,9,1,2,6.0,0.27320954907161804,0.03713527851458886,0.005305039787798408,0.002652519893899204,0.0025795356835769563,0.034482758620689655,0.13793103448275862
Gerardo Parra,1517,5288,4856,633,1334,269,42,90,532,97,55,318,920,0.275,0.322,0.40299999999999997,0.725,1957,113,40,35,39,49.0,0.27471169686985175,0.055395387149917624,0.008649093904448105,0.018533772652388796,0.025512887953708575,0.06548599670510709,0.18945634266886327,Gerardo Parra,55,178,169,17,46,4,1,4,14,0,2,9,39,0.272,0.309,0.379,0.688,64,8,0,0,0,1.0,0.27218934911242604,0.023668639053254437,0.005917159763313609,0.023668639053254437,0.0,0.05325443786982249,0.23076923076923078
